행정구역(동읍면)별(1),행정구역(동읍면)별(2),항목,2016,,,,,,,,,,,,
,,,계,20 - 24세,25 - 29세,30 - 34세,35 - 39세,65 - 69세,70 - 74세,75 - 79세,80 - 84세,85 - 89세,90 - 94세,95 - 99세,100+
전국,소계,총인구수 (명),"51,696,216","3,541,061","3,217,367","3,517,868","4,016,272","2,237,345","1,781,229","1,457,890","909,130","416,164","141,488","34,844","17,562"
,,남자인구수 (명),"25,827,594","1,877,127","1,682,988","1,806,754","2,045,265","1,072,395","806,680","600,607","319,391","113,221","32,695","7,658","4,137"
,,여자인구수 (명),"25,868,622","1,663,934","1,534,379","1,711,114","1,971,007","1,164,950","974,549","857,283","589,739","302,943","108,793","27,186","13,425"
서울특별시,소계,총인구수 (명),"9,930,616","690,728","751,973","803,507","817,467","448,956","350,580","251,961","141,649","66,067","24,153","7,058","5,475"
,,남자인구수 (명),"4,876,789","347,534","372,249","402,358","410,076","211,568","163,766","112,076","54,033","19,595","6,146","1,900","1,406"
,,여자인구수 (명),"5,053,827","343,194","379,724","401,149","407,391","237,388","186,814","139,885","87,616","46,472","18,007","5,158","4,069"
,종로구,총인구수 (명),"152,737","11,379","11,891","10,684","10,379","7,411","6,636","5,263","3,104","1,480",602,234,220
,,남자인구수 (명),"75,201","5,620","6,181","5,387","5,034","3,411","3,009","2,311","1,289",506,207,89,73
,,여자인구수 (명),"77,536","5,759","5,710","5,297","5,345","4,000","3,627","2,952","1,815",974,395,145,147
,중구,총인구수 (명),"125,249","8,216","9,529","10,332","10,107","6,399","5,313","4,127","2,502","1,260",469,158,160
,,남자인구수 (명),"62,204","4,142","4,792","5,192","5,221","3,113","2,405","1,752",929,414,132,56,51
,,여자인구수 (명),"63,045","4,074","4,737","5,140","4,886","3,286","2,908","2,375","1,573",846,337,102,109
,용산구,총인구수 (명),"230,241","14,317","16,972","19,032","19,127","10,675","9,093","7,477","4,553","2,254",916,264,315
,,남자인구수 (명),"111,601","6,937","8,373","9,455","9,434","4,834","3,975","3,094","1,739",750,284,102,88
,,여자인구수 (명),"118,640","7,380","8,599","9,577","9,693","5,841","5,118","4,383","2,814","1,504",632,162,227
,성동구,총인구수 (명),"299,259","20,813","23,383","25,507","25,979","12,938","10,734","7,989","4,450","1,944",678,209,198
,,남자인구수 (명),"148,326","10,609","11,848","12,692","13,154","6,090","4,863","3,480","1,698",580,184,56,54
,,여자인구수 (명),"150,933","10,204","11,535","12,815","12,825","6,848","5,871","4,509","2,752","1,364",494,153,144
,광진구,총인구수 (명),"357,215","27,368","32,092","32,302","29,496","14,402","11,300","8,121","4,349","2,029",689,228,174
,,남자인구수 (명),"174,797","13,317","15,555","16,034","14,875","6,775","5,376","3,693","1,609",631,170,54,37
,,여자인구수 (명),"182,418","14,051","16,537","16,268","14,621","7,627","5,924","4,428","2,740","1,398",519,174,137
,동대문구,총인구수 (명),"355,069","26,261","27,808","27,277","28,095","17,506","14,867","11,008","5,926","2,577",887,288,242
,,남자인구수 (명),"177,640","13,162","14,859","14,140","14,489","8,237","6,815","4,950","2,375",801,248,87,68
,,여자인구수 (명),"177,429","13,099","12,949","13,137","13,606","9,269","8,052","6,058","3,551","1,776",639,201,174
,중랑구,총인구수 (명),"411,005","28,727","29,833","32,277","32,632","19,957","15,415","10,783","5,784","2,596",896,257,154
,,남자인구수 (명),"204,900","14,676","14,784","16,607","17,248","9,448","7,189","4,879","2,214",667,211,57,37
,,여자인구수 (명),"206,105","14,051","15,049","15,670","15,384","10,509","8,226","5,904","3,570","1,929",685,200,117
,성북구,총인구수 (명),"450,355","32,372","32,003","32,154","35,029","20,618","17,629","13,312","7,284","3,279","1,099",352,305
,,남자인구수 (명),"219,951","15,761","16,229","16,075","17,424","9,402","7,979","5,825","2,856",978,287,87,78
,,여자인구수 (명),"230,404","16,611","15,774","16,079","17,605","11,216","9,650","7,487","4,428","2,301",812,265,227
,강북구,총인구수 (명),"327,195","22,058","21,374","22,650","24,750","18,172","15,323","11,103","5,654","2,373",842,256,241
,,남자인구수 (명),"160,861","11,206","10,737","11,838","12,998","8,084","6,836","4,961","2,313",731,219,66,63
,,여자인구수 (명),"166,334","10,852","10,637","10,812","11,752","10,088","8,487","6,142","3,341","1,642",623,190,178
,도봉구,총인구수 (명),"348,220","24,350","22,867","23,613","25,303","16,819","13,559","10,265","5,829","2,696",938,231,129
,,남자인구수 (명),"171,238","12,666","11,645","12,255","12,757","8,073","6,328","4,547","2,172",865,240,68,25
,,여자인구수 (명),"176,982","11,684","11,222","11,358","12,546","8,746","7,231","5,718","3,657","1,831",698,163,104
,노원구,총인구수 (명),"567,581","42,548","35,036","37,414","41,931","23,312","18,349","14,388","8,613","4,094","1,452",384,227
,,남자인구수 (명),"276,333","22,312","17,869","18,458","20,799","10,786","8,040","5,815","2,928","1,190",335,97,72
,,여자인구수 (명),"291,248","20,236","17,167","18,956","21,132","12,526","10,309","8,573","5,685","2,904","1,117",287,155
,은평구,총인구수 (명),"491,476","32,347","32,574","36,008","40,266","23,873","19,576","14,649","7,871","3,450","1,209",315,361
,,남자인구수 (명),"239,183","16,375","15,885","17,908","20,205","10,868","8,796","6,563","3,163","1,096",331,82,52
,,여자인구수 (명),"252,293","15,972","16,689","18,100","20,061","13,005","10,780","8,086","4,708","2,354",878,233,309
,서대문구,총인구수 (명),"314,194","23,517","24,297","23,523","24,000","14,545","12,780","10,247","5,850","2,486",899,281,215
,,남자인구수 (명),"152,510","11,584","12,198","11,779","12,022","6,491","5,622","4,409","2,266",786,240,88,52
,,여자인구수 (명),"161,684","11,933","12,099","11,744","11,978","8,054","7,158","5,838","3,584","1,700",659,193,163
,마포구,총인구수 (명),"379,892","26,248","31,622","35,720","34,307","15,049","13,003","10,074","5,798","2,640",925,292,279
,,남자인구수 (명),"182,162","12,499","14,694","17,071","16,774","6,592","5,667","4,385","2,224",871,245,87,65
,,여자인구수 (명),"197,730","13,749","16,928","18,649","17,533","8,457","7,336","5,689","3,574","1,769",680,205,214
,양천구,총인구수 (명),"477,739","34,199","29,917","32,220","35,167","19,119","13,453","9,524","5,617","2,840",985,266,153
,,남자인구수 (명),"236,290","17,983","14,907","16,175","17,102","9,542","6,410","4,035","1,937",761,228,64,34
,,여자인구수 (명),"241,449","16,216","15,010","16,045","18,065","9,577","7,043","5,489","3,680","2,079",757,202,119
,강서구,총인구수 (명),"595,485","39,654","45,771","53,646","53,813","26,279","18,365","12,741","7,608","3,921","1,399",375,201
,,남자인구수 (명),"290,478","19,802","21,694","27,022","27,611","12,632","8,938","5,372","2,631","1,064",341,104,55
,,여자인구수 (명),"305,007","19,852","24,077","26,624","26,202","13,647","9,427","7,369","4,977","2,857","1,058",271,146
,구로구,총인구수 (명),"417,551","26,616","29,824","35,072","37,329","20,552","15,206","10,298","5,555","2,380",810,208,150
,,남자인구수 (명),"207,667","13,431","14,521","17,738","19,226","10,116","7,440","4,719","2,150",692,173,44,35
,,여자인구수 (명),"209,884","13,185","15,303","17,334","18,103","10,436","7,766","5,579","3,405","1,688",637,164,115
,금천구,총인구수 (명),"235,386","16,122","18,384","18,822","17,995","11,672","8,935","6,053","3,203","1,368",458,140,147
,,남자인구수 (명),"119,885","8,289","9,789","10,346","9,753","5,696","4,284","2,745","1,221",390,114,36,54
,,여자인구수 (명),"115,501","7,833","8,595","8,476","8,242","5,976","4,651","3,308","1,982",978,344,104,93
,영등포구,총인구수 (명),"370,613","23,337","30,612","34,136","32,051","17,748","13,716","9,952","5,907","2,429",916,290,228
,,남자인구수 (명),"185,200","11,516","14,716","17,501","16,535","8,530","6,475","4,478","2,424",759,253,91,63
,,여자인구수 (명),"185,413","11,821","15,896","16,635","15,516","9,218","7,241","5,474","3,483","1,670",663,199,165
,동작구,총인구수 (명),"400,997","29,154","34,672","35,429","34,334","18,866","15,007","10,782","6,098","2,739","1,007",302,251
,,남자인구수 (명),"196,267","14,662","17,297","17,786","17,357","8,572","6,989","4,882","2,382",865,266,79,72
,,여자인구수 (명),"204,730","14,492","17,375","17,643","16,977","10,294","8,018","5,900","3,716","1,874",741,223,179
,관악구,총인구수 (명),"506,851","39,635","57,510","51,521","43,595","24,225","18,922","12,989","6,242","2,742","1,006",264,269
,,남자인구수 (명),"256,143","19,089","30,096","28,179","23,598","11,288","8,945","6,113","2,517",807,226,60,57
,,여자인구수 (명),"250,708","20,546","27,414","23,342","19,997","12,937","9,977","6,876","3,725","1,935",780,204,212
,서초구,총인구수 (명),"447,192","28,108","31,164","35,666","39,133","18,569","13,954","8,946","5,094","2,678","1,139",333,193
,,남자인구수 (명),"214,673","13,935","14,585","16,409","18,010","8,638","6,839","4,350","2,106",782,307,82,54
,,여자인구수 (명),"232,519","14,173","16,579","19,257","21,123","9,931","7,115","4,596","2,988","1,896",832,251,139
,강남구,총인구수 (명),"567,115","38,888","42,574","47,580","48,855","22,899","16,765","10,704","6,109","3,276","1,391",441,237
,,남자인구수 (명),"271,604","19,597","19,592","21,817","22,470","10,737","8,279","5,087","2,384",879,330,104,49
,,여자인구수 (명),"295,511","19,291","22,982","25,763","26,385","12,162","8,486","5,617","3,725","2,397","1,061",337,188
,송파구,총인구수 (명),"657,831","44,255","48,619","56,183","57,186","27,064","18,670","12,144","7,313","3,659","1,455",391,222
,,남자인구수 (명),"320,557","22,465","23,330","26,914","27,485","13,518","9,284","5,540","2,685","1,010",340,93,59
,,여자인구수 (명),"337,274","21,790","25,289","29,269","29,701","13,546","9,386","6,604","4,628","2,649","1,115",298,163
,강동구,총인구수 (명),"444,168","30,239","31,645","34,739","36,608","20,287","14,010","9,022","5,336","2,877","1,086",299,204
,,남자인구수 (명),"221,118","15,899","16,073","17,580","18,495","10,095","6,983","4,091","1,821",720,235,67,59
,,여자인구수 (명),"223,050","14,340","15,572","17,159","18,113","10,192","7,027","4,931","3,515","2,157",851,232,145
부산광역시,소계,총인구수 (명),"3,498,529","240,006","215,193","223,739","259,777","191,726","140,369","106,214","59,350","26,483","8,384","1,953","1,585"
,,남자인구수 (명),"1,725,607","127,936","112,087","114,667","132,506","90,841","64,984","44,514","21,014","6,959","1,840",402,340
,,여자인구수 (명),"1,772,922","112,070","103,106","109,072","127,271","100,885","75,385","61,700","38,336","19,524","6,544","1,551","1,245"
,중구,총인구수 (명),"45,208","2,804","2,883","2,748","2,799","3,177","2,629","2,014","1,048",521,193,52,66
,,남자인구수 (명),"22,174","1,432","1,520","1,480","1,502","1,424","1,183",847,378,154,51,17,15
,,여자인구수 (명),"23,034","1,372","1,363","1,268","1,297","1,753","1,446","1,167",670,367,142,35,51
,서구,총인구수 (명),"112,973","7,555","6,573","6,128","7,114","7,893","6,152","4,987","2,880","1,336",439,116,103
,,남자인구수 (명),"55,469","3,834","3,412","3,197","3,723","3,683","2,741","2,039","1,037",338,108,36,27
,,여자인구수 (명),"57,504","3,721","3,161","2,931","3,391","4,210","3,411","2,948","1,843",998,331,80,76
,동구,총인구수 (명),"89,826","5,440","5,047","5,049","5,681","6,682","5,358","4,329","2,475","1,019",306,81,84
,,남자인구수 (명),"44,516","2,913","2,648","2,769","3,109","3,057","2,379","1,735",877,291,94,22,22
,,여자인구수 (명),"45,310","2,527","2,399","2,280","2,572","3,625","2,979","2,594","1,598",728,212,59,62
,영도구,총인구수 (명),"126,362","7,691","6,643","6,686","7,780","9,196","7,314","5,722","2,996","1,338",421,102,103
,,남자인구수 (명),"62,596","4,188","3,639","3,676","4,114","4,271","3,217","2,264","1,081",312,91,30,27
,,여자인구수 (명),"63,766","3,503","3,004","3,010","3,666","4,925","4,097","3,458","1,915","1,026",330,72,76
,부산진구,총인구수 (명),"376,526","26,616","26,535","26,684","28,028","21,183","15,842","12,530","6,802","2,881",877,206,220
,,남자인구수 (명),"184,213","13,641","13,204","13,657","14,498","9,984","7,179","5,150","2,476",787,202,47,40
,,여자인구수 (명),"192,313","12,975","13,331","13,027","13,530","11,199","8,663","7,380","4,326","2,094",675,159,180
,동래구,총인구수 (명),"272,745","18,662","16,358","16,452","19,604","14,988","10,517","7,692","4,326","1,926",638,143,119
,,남자인구수 (명),"133,890","10,108","8,527","8,417","9,733","7,130","5,015","3,374","1,613",529,139,25,25
,,여자인구수 (명),"138,855","8,554","7,831","8,035","9,871","7,858","5,502","4,318","2,713","1,397",499,118,94
,남구,총인구수 (명),"278,779","19,584","16,542","16,385","19,953","16,354","12,554","9,066","4,856","2,018",677,145,108
,,남자인구수 (명),"137,096","10,332","8,811","8,467","10,002","7,560","5,757","4,000","1,775",524,147,26,22
,,여자인구수 (명),"141,683","9,252","7,731","7,918","9,951","8,794","6,797","5,066","3,081","1,494",530,119,86
,북구,총인구수 (명),"310,202","23,990","20,371","19,484","21,686","14,352","9,947","7,336","4,269","1,833",561,131,93
,,남자인구수 (명),"154,276","12,930","10,717","10,035","11,219","7,015","4,641","2,988","1,357",425,113,22,20
,,여자인구수 (명),"155,926","11,060","9,654","9,449","10,467","7,337","5,306","4,348","2,912","1,408",448,109,73
,해운대구,총인구수 (명),"419,853","28,838","23,916","24,369","31,097","19,879","14,602","11,417","6,685","3,050",904,182,135
,,남자인구수 (명),"203,814","15,456","12,306","11,823","14,782","9,292","6,587","4,693","2,353",799,212,47,32
,,여자인구수 (명),"216,039","13,382","11,610","12,546","16,315","10,587","8,015","6,724","4,332","2,251",692,135,103
,사하구,총인구수 (명),"334,603","23,556","20,425","21,635","24,879","17,355","12,264","8,997","4,865","2,253",741,152,151
,,남자인구수 (명),"167,290","12,698","10,939","11,349","13,176","8,361","5,812","3,723","1,653",593,141,28,32
,,여자인구수 (명),"167,313","10,858","9,486","10,286","11,703","8,994","6,452","5,274","3,212","1,660",600,124,119
,금정구,총인구수 (명),"244,624","19,563","16,008","14,092","16,139","14,021","10,255","7,712","4,513","1,990",662,159,170
,,남자인구수 (명),"120,291","10,529","8,699","7,400","8,229","6,684","4,855","3,298","1,634",536,142,29,33
,,여자인구수 (명),"124,333","9,034","7,309","6,692","7,910","7,337","5,400","4,414","2,879","1,454",520,130,137
,강서구,총인구수 (명),"108,909","5,009","6,159","10,677","12,371","4,468","3,117","2,353","1,370",728,223,54,35
,,남자인구수 (명),"56,287","2,754","3,097","5,400","6,636","2,366","1,550","1,010",451,166,48,10,9
,,여자인구수 (명),"52,622","2,255","3,062","5,277","5,735","2,102","1,567","1,343",919,562,175,44,26
,연제구,총인구수 (명),"207,268","13,807","12,514","13,215","15,649","11,628","8,370","6,282","3,397","1,509",455,127,64
,,남자인구수 (명),"101,330","7,390","6,385","6,692","7,678","5,508","3,980","2,786","1,246",422,108,23,16
,,여자인구수 (명),"105,938","6,417","6,129","6,523","7,971","6,120","4,390","3,496","2,151","1,087",347,104,48
,수영구,총인구수 (명),"179,324","11,818","12,184","12,742","13,660","11,142","8,076","5,930","3,374","1,671",490,100,48
,,남자인구수 (명),"85,573","6,052","6,037","6,299","6,863","5,090","3,829","2,612","1,259",490,108,22,8
,,여자인구수 (명),"93,751","5,766","6,147","6,443","6,797","6,052","4,247","3,318","2,115","1,181",382,78,40
,사상구,총인구수 (명),"232,800","17,255","15,610","15,605","16,776","12,199","7,901","5,725","2,988","1,217",386,90,55
,,남자인구수 (명),"118,419","9,441","8,368","8,313","8,928","5,981","3,776","2,357",947,283,62,5,7
,,여자인구수 (명),"114,381","7,814","7,242","7,292","7,848","6,218","4,125","3,368","2,041",934,324,85,48
,기장군,총인구수 (명),"158,527","7,818","7,425","11,788","16,561","7,209","5,471","4,122","2,506","1,193",411,113,31
,,남자인구수 (명),"78,373","4,238","3,778","5,693","8,314","3,435","2,483","1,638",877,310,74,13,5
,,여자인구수 (명),"80,154","3,580","3,647","6,095","8,247","3,774","2,988","2,484","1,629",883,337,100,26
대구광역시,소계,총인구수 (명),"2,484,557","180,631","149,296","152,640","181,128","113,421","82,739","67,796","40,861","17,073","5,237","1,183",591
,,남자인구수 (명),"1,234,169","98,590","81,921","78,731","90,249","52,980","36,574","27,346","14,462","4,626","1,156",218,135
,,여자인구수 (명),"1,250,388","82,041","67,375","73,909","90,879","60,441","46,165","40,450","26,399","12,447","4,081",965,456
,중구,총인구수 (명),"79,712","5,360","5,623","5,907","5,820","4,780","4,049","3,214","1,932",902,299,81,86
,,남자인구수 (명),"38,720","2,693","2,918","2,944","3,031","2,091","1,758","1,338",730,258,60,20,17
,,여자인구수 (명),"40,992","2,667","2,705","2,963","2,789","2,689","2,291","1,876","1,202",644,239,61,69
,동구,총인구수 (명),"351,352","22,494","20,578","23,023","27,842","19,292","14,329","11,588","6,718","2,723",810,200,107
,,남자인구수 (명),"174,663","12,355","11,267","11,944","14,216","8,998","6,326","4,776","2,438",796,160,49,18
,,여자인구수 (명),"176,689","10,139","9,311","11,079","13,626","10,294","8,003","6,812","4,280","1,927",650,151,89
,서구,총인구수 (명),"199,507","14,302","12,699","11,909","12,520","12,063","8,602","6,671","3,645","1,416",449,104,88
,,남자인구수 (명),"100,760","7,923","7,170","6,570","6,844","5,701","3,839","2,703","1,285",341,77,19,23
,,여자인구수 (명),"98,747","6,379","5,529","5,339","5,676","6,362","4,763","3,968","2,360","1,075",372,85,65
,남구,총인구수 (명),"156,433","10,707","9,972","10,224","10,707","9,767","7,538","6,359","3,928","1,705",490,126,61
,,남자인구수 (명),"76,147","5,741","5,341","5,349","5,457","4,402","3,236","2,591","1,487",493,109,23,16
,,여자인구수 (명),"80,286","4,966","4,631","4,875","5,250","5,365","4,302","3,768","2,441","1,212",381,103,45
,북구,총인구수 (명),"440,383","33,004","26,210","26,807","32,871","17,832","13,019","10,767","6,140","2,435",724,165,74
,,남자인구수 (명),"220,247","18,003","14,370","13,795","16,227","8,228","5,722","4,339","2,126",611,146,25,18
,,여자인구수 (명),"220,136","15,001","11,840","13,012","16,644","9,604","7,297","6,428","4,014","1,824",578,140,56
,수성구,총인구수 (명),"447,011","34,373","24,123","21,530","28,132","18,506","13,898","11,648","7,657","3,334","1,072",234,82
,,남자인구수 (명),"218,317","18,890","13,159","10,717","12,798","8,472","6,163","4,810","2,762",950,284,39,21
,,여자인구수 (명),"228,694","15,483","10,964","10,813","15,334","10,034","7,735","6,838","4,895","2,384",788,195,61
,달서구,총인구수 (명),"591,891","46,800","37,533","36,507","43,274","22,849","15,521","12,522","7,671","3,185",970,192,67
,,남자인구수 (명),"294,121","25,322","20,759","18,894","21,357","10,970","6,934","4,922","2,574",827,233,30,13
,,여자인구수 (명),"297,770","21,478","16,774","17,613","21,917","11,879","8,587","7,600","5,097","2,358",737,162,54
,달성군,총인구수 (명),"218,268","13,591","12,558","16,733","19,962","8,332","5,783","5,027","3,170","1,373",423,81,26
,,남자인구수 (명),"111,194","7,663","6,937","8,518","10,319","4,118","2,596","1,867","1,060",350,87,13,9
,,여자인구수 (명),"107,074","5,928","5,621","8,215","9,643","4,214","3,187","3,160","2,110","1,023",336,68,17
인천광역시,소계,총인구수 (명),"2,943,069","210,927","195,695","209,170","240,973","108,013","83,667","63,942","40,199","19,157","6,799","1,724",754
,,남자인구수 (명),"1,477,671","110,587","101,382","107,631","123,778","52,795","38,397","26,061","13,750","5,080","1,564",417,197
,,여자인구수 (명),"1,465,398","100,340","94,313","101,539","117,195","55,218","45,270","37,881","26,449","14,077","5,235","1,307",557
,중구,총인구수 (명),"115,249","6,212","6,580","8,221","10,389","5,227","4,270","3,034","1,809",869,359,111,58
,,남자인구수 (명),"59,839","3,247","3,577","4,334","5,513","2,493","2,035","1,297",665,240,110,35,19
,,여자인구수 (명),"55,410","2,965","3,003","3,887","4,876","2,734","2,235","1,737","1,144",629,249,76,39
,동구,총인구수 (명),"71,014","3,905","3,685","4,557","5,810","3,944","3,435","2,595","1,533",738,244,85,65
,,남자인구수 (명),"35,833","2,055","1,950","2,383","3,106","1,807","1,554","1,092",486,220,67,30,18
,,여자인구수 (명),"35,181","1,850","1,735","2,174","2,704","2,137","1,881","1,503","1,047",518,177,55,47
,남구,총인구수 (명),"417,103","29,040","28,710","30,470","33,798","19,319","15,388","11,492","6,591","3,118","1,061",302,166
,,남자인구수 (명),"210,433","15,247","15,434","16,171","18,053","9,268","7,127","4,872","2,361",873,248,74,47
,,여자인구수 (명),"206,670","13,793","13,276","14,299","15,745","10,051","8,261","6,620","4,230","2,245",813,228,119
,연수구,총인구수 (명),"328,627","25,013","22,381","21,856","26,059","8,581","6,591","5,375","3,613","1,865",671,159,38
,,남자인구수 (명),"163,753","13,082","11,596","10,886","12,710","4,113","3,035","2,112","1,156",471,144,37,11
,,여자인구수 (명),"164,874","11,931","10,785","10,970","13,349","4,468","3,556","3,263","2,457","1,394",527,122,27
,남동구,총인구수 (명),"530,982","37,538","34,973","38,973","46,234","18,811","14,115","10,247","6,244","3,115","1,073",257,99
,,남자인구수 (명),"264,714","19,561","17,803","19,944","23,540","9,253","6,421","4,175","2,090",784,218,53,25
,,여자인구수 (명),"266,268","17,977","17,170","19,029","22,694","9,558","7,694","6,072","4,154","2,331",855,204,74
,부평구,총인구수 (명),"549,716","41,188","39,423","41,234","43,935","20,579","15,512","11,992","7,645","3,497","1,243",319,153
,,남자인구수 (명),"273,356","21,237","19,907","21,166","22,779","10,068","7,058","4,700","2,630",922,309,66,33
,,여자인구수 (명),"276,360","19,951","19,516","20,068","21,156","10,511","8,454","7,292","5,015","2,575",934,253,120
,계양구,총인구수 (명),"330,284","27,209","24,062","22,889","24,798","9,925","7,423","5,963","3,874","1,773",610,137,57
,,남자인구수 (명),"165,301","14,158","12,330","11,766","12,635","5,020","3,266","2,305","1,224",449,141,34,14
,,여자인구수 (명),"164,983","13,051","11,732","11,123","12,163","4,905","4,157","3,658","2,650","1,324",469,103,43
,서구,총인구수 (명),"510,733","36,032","31,768","37,247","45,506","15,039","10,853","8,040","5,174","2,485",854,197,77
,,남자인구수 (명),"258,117","18,989","16,210","18,874","22,987","7,497","5,046","3,172","1,694",616,173,46,19
,,여자인구수 (명),"252,616","17,043","15,558","18,373","22,519","7,542","5,807","4,868","3,480","1,869",681,151,58
,강화군,총인구수 (명),"68,010","3,233","2,731","2,593","3,167","5,242","4,932","4,322","3,091","1,334",530,117,32
,,남자인구수 (명),"34,170","1,840","1,589","1,413","1,699","2,589","2,307","1,936","1,214",419,125,32,8
,,여자인구수 (명),"33,840","1,393","1,142","1,180","1,468","2,653","2,625","2,386","1,877",915,405,85,24
,옹진군,총인구수 (명),"21,351","1,557","1,382","1,130","1,277","1,346","1,148",882,625,363,154,40,9
,,남자인구수 (명),"12,155","1,171",986,694,756,687,548,400,230,86,29,10,3
,,여자인구수 (명),"9,196",386,396,436,521,659,600,482,395,277,125,30,6
광주광역시,소계,총인구수 (명),"1,469,214","113,334","88,068","97,913","115,482","58,451","44,765","34,529","20,527","9,843","3,277",825,355
,,남자인구수 (명),"728,137","59,840","45,509","49,835","57,412","27,279","20,395","14,133","7,132","2,635",692,118,39
,,여자인구수 (명),"741,077","53,494","42,559","48,078","58,070","31,172","24,370","20,396","13,395","7,208","2,585",707,316
,동구,총인구수 (명),"95,791","6,809","6,099","6,150","6,420","6,109","5,101","4,104","2,421","1,147",373,107,51
,,남자인구수 (명),"47,823","3,509","3,190","3,297","3,474","2,770","2,331","1,877",987,364,103,24,8
,,여자인구수 (명),"47,968","3,300","2,909","2,853","2,946","3,339","2,770","2,227","1,434",783,270,83,43
,서구,총인구수 (명),"309,579","24,720","19,306","20,529","23,356","12,102","9,179","6,923","4,121","1,961",699,162,67
,,남자인구수 (명),"152,246","13,023","9,886","10,322","11,328","5,656","4,189","2,871","1,467",536,144,19,6
,,여자인구수 (명),"157,333","11,697","9,420","10,207","12,028","6,446","4,990","4,052","2,654","1,425",555,143,61
,남구,총인구수 (명),"219,729","16,515","12,456","13,581","16,055","10,941","8,372","6,412","3,786","1,824",601,163,85
,,남자인구수 (명),"106,288","8,605","6,354","6,832","7,957","5,035","3,912","2,691","1,332",512,130,24,10
,,여자인구수 (명),"113,441","7,910","6,102","6,749","8,098","5,906","4,460","3,721","2,454","1,312",471,139,75
,북구,총인구수 (명),"441,066","35,169","28,228","29,922","32,987","18,808","13,907","10,525","6,157","3,024",937,235,101
,,남자인구수 (명),"219,300","18,726","14,685","15,533","16,718","9,009","6,364","4,321","2,119",792,194,33,13
,,여자인구수 (명),"221,766","16,443","13,543","14,389","16,269","9,799","7,543","6,204","4,038","2,232",743,202,88
,광산구,총인구수 (명),"403,049","30,121","21,979","27,731","36,664","10,491","8,206","6,565","4,042","1,887",667,158,51
,,남자인구수 (명),"202,480","15,977","11,394","13,851","17,935","4,809","3,599","2,373","1,227",431,121,18,2
,,여자인구수 (명),"200,569","14,144","10,585","13,880","18,729","5,682","4,607","4,192","2,815","1,456",546,140,49
대전광역시,소계,총인구수 (명),"1,514,370","113,205","99,591","104,843","118,036","57,891","43,716","34,059","21,527","9,957","3,309",801,308
,,남자인구수 (명),"757,289","59,816","53,029","53,943","59,062","28,049","20,021","14,222","7,561","2,750",789,193,73
,,여자인구수 (명),"757,081","53,389","46,562","50,900","58,974","29,842","23,695","19,837","13,966","7,207","2,520",608,235
,동구,총인구수 (명),"234,959","17,000","14,056","14,981","17,599","11,752","9,483","7,287","4,428","1,950",627,154,82
,,남자인구수 (명),"118,911","9,075","7,842","7,916","9,182","5,561","4,374","2,981","1,600",581,161,45,24
,,여자인구수 (명),"116,048","7,925","6,214","7,065","8,417","6,191","5,109","4,306","2,828","1,369",466,109,58
,중구,총인구수 (명),"252,490","17,572","14,728","15,118","18,595","12,650","10,059","7,795","4,769","2,223",736,170,66
,,남자인구수 (명),"125,383","9,195","7,739","7,695","9,276","6,011","4,561","3,385","1,789",640,189,38,16
,,여자인구수 (명),"127,107","8,377","6,989","7,423","9,319","6,639","5,498","4,410","2,980","1,583",547,132,50
,서구,총인구수 (명),"491,011","38,939","34,449","35,072","37,629","17,062","12,268","9,487","6,132","2,856",963,230,82
,,남자인구수 (명),"242,044","20,316","17,526","17,664","18,506","8,322","5,661","3,999","2,137",750,225,55,17
,,여자인구수 (명),"248,967","18,623","16,923","17,408","19,123","8,740","6,607","5,488","3,995","2,106",738,175,65
,유성구,총인구수 (명),"343,222","24,737","24,395","27,981","30,688","8,607","6,038","4,904","3,407","1,699",625,143,51
,,남자인구수 (명),"173,072","13,156","13,287","14,441","15,127","4,320","2,736","1,955","1,073",449,133,33,10
,,여자인구수 (명),"170,150","11,581","11,108","13,540","15,561","4,287","3,302","2,949","2,334","1,250",492,110,41
,대덕구,총인구수 (명),"192,688","14,957","11,963","11,691","13,525","7,820","5,868","4,586","2,791","1,229",358,104,27
,,남자인구수 (명),"97,879","8,074","6,635","6,227","6,971","3,835","2,689","1,902",962,330,81,22,6
,,여자인구수 (명),"94,809","6,883","5,328","5,464","6,554","3,985","3,179","2,684","1,829",899,277,82,21
울산광역시,소계,총인구수 (명),"1,172,304","84,934","73,770","81,689","95,455","41,855","27,464","19,897","11,853","5,361","1,813",387,138
,,남자인구수 (명),"603,797","47,935","41,268","43,071","49,844","21,333","13,007","8,126","3,787","1,182",287,67,28
,,여자인구수 (명),"568,507","36,999","32,502","38,618","45,611","20,522","14,457","11,771","8,066","4,179","1,526",320,110
,중구,총인구수 (명),"242,536","17,852","15,177","16,089","18,689","10,204","6,784","4,796","2,672","1,156",337,89,44
,,남자인구수 (명),"123,702","10,040","8,249","8,410","9,816","5,069","3,187","2,016",924,258,45,14,10
,,여자인구수 (명),"118,834","7,812","6,928","7,679","8,873","5,135","3,597","2,780","1,748",898,292,75,34
,남구,총인구수 (명),"340,714","27,055","22,804","23,217","25,397","12,064","7,453","5,227","2,914","1,219",417,79,27
,,남자인구수 (명),"173,960","15,119","12,608","12,218","12,966","6,143","3,539","2,215",931,270,74,17,6
,,여자인구수 (명),"166,754","11,936","10,196","10,999","12,431","5,921","3,914","3,012","1,983",949,343,62,21
,동구,총인구수 (명),"174,514","11,160","12,318","15,700","16,067","6,290","3,569","2,236","1,303",646,248,52,26
,,남자인구수 (명),"92,144","6,418","7,224","8,726","8,904","3,442","1,829",937,365,110,33,8,6
,,여자인구수 (명),"82,370","4,742","5,094","6,974","7,163","2,848","1,740","1,299",938,536,215,44,20
,북구,총인구수 (명),"195,285","14,309","11,898","13,825","18,502","4,740","3,292","2,379","1,554",691,253,63,13
,,남자인구수 (명),"101,096","8,154","6,649","6,944","9,489","2,331","1,545",913,460,143,43,11,3
,,여자인구수 (명),"94,189","6,155","5,249","6,881","9,013","2,409","1,747","1,466","1,094",548,210,52,10
,울주군,총인구수 (명),"219,255","14,558","11,573","12,858","16,800","8,557","6,366","5,259","3,410","1,649",558,104,28
,,남자인구수 (명),"112,895","8,204","6,538","6,773","8,669","4,348","2,907","2,045","1,107",401,92,17,3
,,여자인구수 (명),"106,360","6,354","5,035","6,085","8,131","4,209","3,459","3,214","2,303","1,248",466,87,25
세종특별자치시,소계,총인구수 (명),"243,048","12,764","13,759","20,193","25,758","7,446","5,763","5,030","3,501","1,718",576,114,49
,,남자인구수 (명),"121,505","6,714","6,711","9,749","12,652","3,585","2,593","2,049","1,220",454,122,17,8
,,여자인구수 (명),"121,543","6,050","7,048","10,444","13,106","3,861","3,170","2,981","2,281","1,264",454,97,41
,세종특별자치시,총인구수 (명),"243,048","12,764","13,759","20,193","25,758","7,446","5,763","5,030","3,501","1,718",576,114,49
,,남자인구수 (명),"121,505","6,714","6,711","9,749","12,652","3,585","2,593","2,049","1,220",454,122,17,8
,,여자인구수 (명),"121,543","6,050","7,048","10,444","13,106","3,861","3,170","2,981","2,281","1,264",454,97,41
경기도,소계,총인구수 (명),"12,716,780","881,482","805,768","892,726","1,063,220","440,224","357,143","283,006","175,095","80,245","28,395","7,062","3,305"
,,남자인구수 (명),"6,395,453","462,233","419,179","456,660","537,593","211,457","162,468","119,014","63,487","22,835","6,977","1,774",876
,,여자인구수 (명),"6,321,327","419,249","386,589","436,066","525,627","228,767","194,675","163,992","111,608","57,410","21,418","5,288","2,429"
,수원시,총인구수 (명),"1,194,041","93,237","89,715","93,592","104,396","34,417","26,885","20,574","12,908","6,193","2,243",532,240
,,남자인구수 (명),"601,152","48,549","47,455","48,417","53,058","16,491","12,137","8,372","4,405","1,635",537,113,67
,,여자인구수 (명),"592,889","44,688","42,260","45,175","51,338","17,926","14,748","12,202","8,503","4,558","1,706",419,173
,장안구,총인구수 (명),"296,479","25,238","20,255","18,955","22,771","9,409","7,782","6,094","3,950","1,936",705,166,74
,,남자인구수 (명),"148,987","13,663","11,019","9,698","11,358","4,467","3,429","2,534","1,365",541,184,34,20
,,여자인구수 (명),"147,492","11,575","9,236","9,257","11,413","4,942","4,353","3,560","2,585","1,395",521,132,54
,권선구,총인구수 (명),"358,393","27,160","26,687","29,864","32,859","10,635","7,910","6,009","3,739","1,789",632,147,63
,,남자인구수 (명),"180,766","14,031","13,690","15,475","17,095","5,191","3,702","2,391","1,288",477,133,30,22
,,여자인구수 (명),"177,627","13,129","12,997","14,389","15,764","5,444","4,208","3,618","2,451","1,312",499,117,41
,팔달구,총인구수 (명),"198,515","14,689","15,451","15,416","15,893","8,026","6,347","4,723","2,779","1,253",484,118,80
,,남자인구수 (명),"99,947","7,571","8,155","8,138","8,309","3,802","2,906","2,001",966,318,122,31,20
,,여자인구수 (명),"98,568","7,118","7,296","7,278","7,584","4,224","3,441","2,722","1,813",935,362,87,60
,영통구,총인구수 (명),"340,654","26,150","27,322","29,357","32,873","6,347","4,846","3,748","2,440","1,215",422,101,23
,,남자인구수 (명),"171,452","13,284","14,591","15,106","16,296","3,031","2,100","1,446",786,299,98,18,5
,,여자인구수 (명),"169,202","12,866","12,731","14,251","16,577","3,316","2,746","2,302","1,654",916,324,83,18
,성남시,총인구수 (명),"974,580","67,518","69,242","75,240","80,035","36,875","28,581","21,342","13,002","6,486","2,421",637,400
,,남자인구수 (명),"483,374","34,717","34,759","38,100","40,070","17,619","13,050","9,276","4,688","1,840",584,173,97
,,여자인구수 (명),"491,206","32,801","34,483","37,140","39,965","19,256","15,531","12,066","8,314","4,646","1,837",464,303
,수정구,총인구수 (명),"232,841","16,349","16,963","18,371","19,264","10,808","8,159","5,774","3,124","1,369",517,161,166
,,남자인구수 (명),"118,343","8,510","9,024","9,917","10,286","5,128","3,707","2,491","1,109",368,123,44,43
,,여자인구수 (명),"114,498","7,839","7,939","8,454","8,978","5,680","4,452","3,283","2,015","1,001",394,117,123
,중원구,총인구수 (명),"237,909","16,714","17,033","18,574","19,186","10,279","7,776","5,456","2,990","1,423",547,172,160
,,남자인구수 (명),"120,529","8,717","8,889","9,757","10,139","5,060","3,578","2,350","1,030",345,118,43,45
,,여자인구수 (명),"117,380","7,997","8,144","8,817","9,047","5,219","4,198","3,106","1,960","1,078",429,129,115
,분당구,총인구수 (명),"503,830","34,455","35,246","38,295","41,585","15,788","12,646","10,112","6,888","3,694","1,357",304,74
,,남자인구수 (명),"244,502","17,490","16,846","18,426","19,645","7,431","5,765","4,435","2,549","1,127",343,86,9
,,여자인구수 (명),"259,328","16,965","18,400","19,869","21,940","8,357","6,881","5,677","4,339","2,567","1,014",218,65
,의정부시,총인구수 (명),"438,457","32,021","27,050","27,731","32,771","17,439","14,895","11,876","6,851","2,925",974,255,181
,,남자인구수 (명),"216,400","16,523","13,692","14,082","16,579","8,024","6,636","5,033","2,546",855,246,62,42
,,여자인구수 (명),"222,057","15,498","13,358","13,649","16,192","9,415","8,259","6,843","4,305","2,070",728,193,139
,안양시,총인구수 (명),"597,414","44,999","42,347","43,678","45,563","21,016","15,773","12,032","7,584","3,600","1,237",288,145
,,남자인구수 (명),"296,959","23,492","21,886","22,450","22,936","10,379","7,194","4,926","2,554",982,307,77,42
,,여자인구수 (명),"300,455","21,507","20,461","21,228","22,627","10,637","8,579","7,106","5,030","2,618",930,211,103
,만안구,총인구수 (명),"252,353","19,118","18,391","18,763","19,339","10,535","8,016","5,975","3,492","1,530",563,117,76
,,남자인구수 (명),"126,793","9,946","9,570","9,868","10,134","5,263","3,712","2,535","1,242",408,153,33,23
,,여자인구수 (명),"125,560","9,172","8,821","8,895","9,205","5,272","4,304","3,440","2,250","1,122",410,84,53
,동안구,총인구수 (명),"345,061","25,881","23,956","24,915","26,224","10,481","7,757","6,057","4,092","2,070",674,171,69
,,남자인구수 (명),"170,166","13,546","12,316","12,582","12,802","5,116","3,482","2,391","1,312",574,154,44,19
,,여자인구수 (명),"174,895","12,335","11,640","12,333","13,422","5,365","4,275","3,666","2,780","1,496",520,127,50
,부천시,총인구수 (명),"851,380","64,394","61,906","63,834","68,152","30,584","21,520","16,329","10,528","5,001","1,657",405,194
,,남자인구수 (명),"425,101","33,805","31,507","32,796","34,945","15,392","10,001","6,399","3,421","1,334",386,93,49
,,여자인구수 (명),"426,279","30,589","30,399","31,038","33,207","15,192","11,519","9,930","7,107","3,667","1,271",312,145
,소사구,총인구수 (명),"283,793","21,465","20,635","21,278","22,717","10,195","7,173","5,443","3,509","1,667",552,135,65
,,남자인구수 (명),"141,700","11,268","10,502","10,932","11,648","5,131","3,334","2,133","1,140",445,129,31,16
,,여자인구수 (명),"142,093","10,196","10,133","10,346","11,069","5,064","3,840","3,310","2,369","1,222",424,104,48
,오정구,총인구수 (명),"283,793","21,465","20,635","21,278","22,717","10,195","7,173","5,443","3,509","1,667",552,135,65
,,남자인구수 (명),"141,700","11,268","10,502","10,932","11,648","5,131","3,334","2,133","1,140",445,129,31,16
,,여자인구수 (명),"142,093","10,196","10,133","10,346","11,069","5,064","3,840","3,310","2,369","1,222",424,104,48
,원미구,총인구수 (명),"283,793","21,465","20,635","21,278","22,717","10,195","7,173","5,443","3,509","1,667",552,135,65
,,남자인구수 (명),"141,700","11,268","10,502","10,932","11,648","5,131","3,334","2,133","1,140",445,129,31,16
,,여자인구수 (명),"142,093","10,196","10,133","10,346","11,069","5,064","3,840","3,310","2,369","1,222",424,104,48
,광명시,총인구수 (명),"339,484","22,257","21,117","24,657","29,285","12,734","9,414","7,090","4,369","1,991",646,182,123
,,남자인구수 (명),"168,241","11,934","10,754","12,353","14,468","6,183","4,189","2,896","1,444",539,142,46,29
,,여자인구수 (명),"171,243","10,323","10,363","12,304","14,817","6,551","5,225","4,194","2,925","1,452",504,136,94
,평택시,총인구수 (명),"470,832","31,594","29,256","33,433","39,762","16,131","13,542","11,596","7,144","3,133","1,066",275,203
,,남자인구수 (명),"240,345","16,754","15,936","17,608","21,075","7,504","5,975","4,748","2,601",890,278,92,60
,,여자인구수 (명),"230,487","14,840","13,320","15,825","18,687","8,627","7,567","6,848","4,543","2,243",788,183,143
,동두천시,총인구수 (명),"98,277","6,119","5,218","5,918","6,946","4,535","4,211","3,845","2,170",938,315,87,71
,,남자인구수 (명),"48,970","3,309","2,726","3,007","3,525","2,017","1,773","1,508",845,306,93,29,20
,,여자인구수 (명),"49,307","2,810","2,492","2,911","3,421","2,518","2,438","2,337","1,325",632,222,58,51
,안산시,총인구수 (명),"689,859","58,366","49,333","46,848","52,665","18,378","14,219","11,748","7,819","3,366","1,243",280,97
,,남자인구수 (명),"353,394","30,543","26,364","25,387","27,628","9,119","6,356","4,522","2,576",908,276,61,23
,,여자인구수 (명),"336,465","27,823","22,969","21,461","25,037","9,259","7,863","7,226","5,243","2,458",967,219,74
,상록구,총인구수 (명),"375,857","32,556","27,220","25,872","28,325","10,073","8,267","6,877","4,509","1,927",749,174,44
,,남자인구수 (명),"191,479","17,015","14,459","13,990","14,838","4,910","3,607","2,637","1,505",538,163,43,8
,,여자인구수 (명),"184,378","15,541","12,761","11,882","13,487","5,163","4,660","4,240","3,004","1,389",586,131,36
,단원구,총인구수 (명),"314,002","25,810","22,113","20,976","24,340","8,305","5,952","4,871","3,310","1,439",494,106,53
,,남자인구수 (명),"161,915","13,528","11,905","11,397","12,790","4,209","2,749","1,885","1,071",370,113,18,15
,,여자인구수 (명),"152,087","12,282","10,208","9,579","11,550","4,096","3,203","2,986","2,239","1,069",381,88,38
,고양시,총인구수 (명),"1,039,684","78,192","67,006","65,622","77,923","32,623","29,284","25,220","16,284","7,384","2,454",594,249
,,남자인구수 (명),"510,923","40,672","33,359","32,305","37,387","14,887","12,483","10,287","6,044","2,271",656,176,62
,,여자인구수 (명),"528,761","37,520","33,647","33,317","40,536","17,736","16,801","14,933","10,240","5,113","1,798",418,187
,덕양구,총인구수 (명),"446,233","31,659","27,925","29,610","35,499","16,176","14,389","11,935","7,160","3,208","1,102",283,159
,,남자인구수 (명),"221,496","16,532","14,133","14,887","17,585","7,413","6,165","5,020","2,617",973,278,87,34
,,여자인구수 (명),"224,737","15,127","13,792","14,723","17,914","8,763","8,224","6,915","4,543","2,235",824,196,125
,일산동구,총인구수 (명),"292,612","23,123","20,469","18,764","21,344","8,223","7,363","6,277","4,430","2,012",716,153,42
,,남자인구수 (명),"142,947","11,947","10,016","9,185","9,981","3,794","3,171","2,507","1,630",615,193,47,15
,,여자인구수 (명),"149,665","11,176","10,453","9,579","11,363","4,429","4,192","3,770","2,800","1,397",523,106,27
,일산서구,총인구수 (명),"300,839","23,410","18,612","17,248","21,080","8,224","7,532","7,008","4,694","2,164",636,158,48
,,남자인구수 (명),"146,480","12,193","9,210","8,233","9,821","3,680","3,147","2,760","1,797",683,185,42,13
,,여자인구수 (명),"154,359","11,217","9,402","9,015","11,259","4,544","4,385","4,248","2,897","1,481",451,116,35
,과천시,총인구수 (명),"63,778","4,657","4,272","3,948","4,020","2,291","1,918","1,510","1,103",590,222,61,40
,,남자인구수 (명),"31,013","2,398","2,252","2,021","1,911","1,055",826,611,387,165,53,16,4
,,여자인구수 (명),"32,765","2,259","2,020","1,927","2,109","1,236","1,092",899,716,425,169,45,36
,구리시,총인구수 (명),"193,763","14,510","12,305","12,787","15,071","6,818","5,621","4,229","2,335","1,069",379,111,61
,,남자인구수 (명),"96,397","7,603","6,238","6,339","7,552","3,273","2,543","1,802",846,300,94,26,19
,,여자인구수 (명),"97,366","6,907","6,067","6,448","7,519","3,545","3,078","2,427","1,489",769,285,85,42
,남양주시,총인구수 (명),"662,154","42,538","34,378","40,546","56,789","25,080","20,586","15,512","8,958","3,927","1,397",354,172
,,남자인구수 (명),"330,749","22,288","17,714","19,720","27,694","11,938","9,452","6,782","3,349","1,138",338,102,51
,,여자인구수 (명),"331,405","20,250","16,664","20,826","29,095","13,142","11,134","8,730","5,609","2,789","1,059",252,121
,오산시,총인구수 (명),"208,656","13,125","13,371","18,323","22,442","5,283","4,334","3,315","1,946",749,287,68,33
,,남자인구수 (명),"107,056","6,866","7,144","9,601","11,763","2,512","1,865","1,383",737,189,67,17,7
,,여자인구수 (명),"101,600","6,259","6,227","8,722","10,679","2,771","2,469","1,932","1,209",560,220,51,26
,시흥시,총인구수 (명),"402,888","30,872","25,124","26,414","33,961","10,156","8,022","6,782","4,073","1,782",622,153,60
,,남자인구수 (명),"211,392","16,630","13,775","14,240","18,224","5,037","3,574","2,628","1,384",450,142,33,18
,,여자인구수 (명),"191,496","14,242","11,349","12,174","15,737","5,119","4,448","4,154","2,689","1,332",480,120,42
,군포시,총인구수 (명),"284,890","19,929","19,253","21,719","23,331","8,987","7,040","5,816","3,968","1,884",616,168,51
,,남자인구수 (명),"141,647","10,468","9,802","11,120","11,793","4,447","3,104","2,329","1,444",588,157,44,13
,,여자인구수 (명),"143,243","9,461","9,451","10,599","11,538","4,540","3,936","3,487","2,524","1,296",459,124,38
,의왕시,총인구수 (명),"156,763","11,549","10,712","10,678","11,937","5,548","4,185","3,325","2,197","1,113",406,98,40
,,남자인구수 (명),"78,304","6,075","5,622","5,580","6,048","2,768","1,925","1,406",738,318,97,21,9
,,여자인구수 (명),"78,459","5,474","5,090","5,098","5,889","2,780","2,260","1,919","1,459",795,309,77,31
,하남시,총인구수 (명),"211,101","12,702","12,650","15,937","20,543","8,771","6,058","4,075","2,445","1,209",525,132,91
,,남자인구수 (명),"106,472","6,709","6,474","8,016","10,440","4,469","3,029","1,844",816,287,114,38,25
,,여자인구수 (명),"104,629","5,993","6,176","7,921","10,103","4,302","3,029","2,231","1,629",922,411,94,66
,용인시,총인구수 (명),"991,126","64,305","53,070","63,772","89,029","35,087","29,909","22,258","12,802","6,017","2,193",559,143
,,남자인구수 (명),"492,374","33,154","27,304","31,054","42,766","15,826","13,937","10,400","5,207","1,888",554,119,25
,,여자인구수 (명),"498,752","31,151","25,766","32,718","46,263","19,261","15,972","11,858","7,595","4,129","1,639",440,118
,처인구,총인구수 (명),"226,130","16,332","13,083","14,782","17,857","8,571","7,097","5,733","3,776","1,724",631,152,64
,,남자인구수 (명),"115,841","8,595","7,138","7,774","9,304","4,154","3,274","2,428","1,457",477,149,41,12
,,여자인구수 (명),"110,289","7,737","5,945","7,008","8,553","4,417","3,823","3,305","2,319","1,247",482,111,52
,기흥구,총인구수 (명),"417,163","25,641","21,796","27,666","40,421","14,056","11,865","8,690","4,783","2,355",818,222,43
,,남자인구수 (명),"206,316","13,206","11,104","13,284","19,272","6,205","5,545","4,086","1,949",777,214,47,8
,,여자인구수 (명),"210,847","12,435","10,692","14,382","21,149","7,851","6,320","4,604","2,834","1,578",604,175,35
,수지구,총인구수 (명),"347,833","22,332","18,191","21,324","30,751","12,460","10,947","7,835","4,243","1,938",744,185,36
,,남자인구수 (명),"170,217","11,353","9,062","9,996","14,190","5,467","5,118","3,886","1,801",634,191,31,5
,,여자인구수 (명),"177,616","10,979","9,129","11,328","16,561","6,993","5,829","3,949","2,442","1,304",553,154,31
,파주시,총인구수 (명),"430,781","26,510","26,349","31,171","36,481","15,083","13,698","11,567","6,854","3,219","1,095",296,168
,,남자인구수 (명),"218,565","13,434","14,186","16,939","18,600","7,004","6,102","4,851","2,637",998,281,83,49
,,여자인구수 (명),"212,216","13,076","12,163","14,232","17,881","8,079","7,596","6,716","4,217","2,221",814,213,119
,이천시,총인구수 (명),"210,359","13,696","13,063","14,941","16,877","7,428","6,400","5,543","3,636","1,610",585,134,44
,,남자인구수 (명),"107,044","7,298","6,769","7,795","8,689","3,624","2,958","2,334","1,315",464,152,31,13
,,여자인구수 (명),"103,315","6,398","6,294","7,146","8,188","3,804","3,442","3,209","2,321","1,146",433,103,31
,안성시,총인구수 (명),"182,896","11,233","9,792","11,830","14,801","7,615","6,509","5,934","4,044","1,731",603,128,42
,,남자인구수 (명),"93,389","6,073","5,279","6,318","7,780","3,700","2,932","2,480","1,440",444,154,26,8
,,여자인구수 (명),"89,507","5,160","4,513","5,512","7,021","3,915","3,577","3,454","2,604","1,287",449,102,34
,김포시,총인구수 (명),"363,443","20,941","18,492","24,864","35,284","13,548","10,774","8,019","4,879","2,230",831,170,54
,,남자인구수 (명),"182,597","11,105","9,389","11,835","17,592","6,634","5,030","3,450","1,830",640,200,46,17
,,여자인구수 (명),"180,846","9,836","9,103","13,029","17,692","6,914","5,744","4,569","3,049","1,590",631,124,37
,화성시,총인구수 (명),"640,890","34,571","36,324","52,729","69,905","17,318","13,439","10,751","6,905","3,087","1,031",260,84
,,남자인구수 (명),"330,923","18,254","19,080","26,708","36,259","8,473","6,248","4,548","2,505",799,248,47,28
,,여자인구수 (명),"309,967","16,317","17,244","26,021","33,646","8,845","7,191","6,203","4,400","2,288",783,213,56
,광주시,총인구수 (명),"327,723","19,799","18,732","25,876","30,356","12,582","9,297","6,735","3,913","1,765",693,153,65
,,남자인구수 (명),"168,345","10,514","9,710","13,456","16,010","6,322","4,592","3,002","1,456",488,137,46,18
,,여자인구수 (명),"159,378","9,285","9,022","12,420","14,346","6,260","4,705","3,733","2,457","1,277",556,107,47
,양주시,총인구수 (명),"205,513","12,746","10,544","11,651","15,588","8,432","7,320","5,565","3,298","1,408",518,126,41
,,남자인구수 (명),"104,235","6,710","5,698","6,019","7,710","4,075","3,467","2,407","1,284",408,131,24,11
,,여자인구수 (명),"101,278","6,036","4,846","5,632","7,878","4,357","3,853","3,158","2,014","1,000",387,102,30
,포천시,총인구수 (명),"154,763","10,206","8,618","8,175","9,355","6,973","6,233","5,490","3,379","1,467",565,127,58
,,남자인구수 (명),"81,291","5,699","4,815","4,513","4,943","3,505","2,839","2,276","1,272",425,156,37,18
,,여자인구수 (명),"73,472","4,507","3,803","3,662","4,412","3,468","3,394","3,214","2,107","1,042",409,90,40
,여주시,총인구수 (명),"111,563","6,768","5,553","6,113","7,415","5,474","5,001","4,480","2,862","1,334",475,111,41
,,남자인구수 (명),"56,445","3,648","3,066","3,121","3,794","2,760","2,330","1,935","1,076",378,92,19,15
,,여자인구수 (명),"55,118","3,120","2,487","2,992","3,621","2,714","2,671","2,545","1,786",956,383,92,26
,연천군,총인구수 (명),"45,907","3,064","2,937","2,467","2,478","2,650","2,618","2,420","1,479",649,236,79,31
,,남자인구수 (명),"24,090","1,984","1,863","1,403","1,285","1,259","1,198","1,014",589,196,59,23,10
,,여자인구수 (명),"21,817","1,080","1,074","1,064","1,193","1,391","1,420","1,406",890,453,177,56,21
,가평군,총인구수 (명),"62,448","3,346","2,980","2,983","3,486","3,561","3,581","3,059","2,047",888,315,81,37
,,남자인구수 (명),"31,981","1,877","1,710","1,601","1,836","1,778","1,665","1,326",787,283,86,19,16
,,여자인구수 (명),"30,467","1,469","1,270","1,382","1,650","1,783","1,916","1,733","1,260",605,229,62,21
,양평군,총인구수 (명),"111,367","5,718","5,059","5,249","6,573","6,807","6,276","4,969","3,313","1,500",545,158,46
,,남자인구수 (명),"56,285","3,148","2,851","2,756","3,233","3,383","3,058","2,239","1,264",429,160,35,11
,,여자인구수 (명),"55,082","2,570","2,208","2,493","3,340","3,424","3,218","2,730","2,049","1,071",385,123,35
강원도,소계,총인구수 (명),"1,550,806","103,672","81,197","84,641","100,766","70,835","70,620","62,162","36,316","17,472","6,527","1,564",656
,,남자인구수 (명),"781,146","58,555","45,614","44,880","51,230","33,646","31,887","25,993","12,725","4,650","1,721",384,211
,,여자인구수 (명),"769,660","45,117","35,583","39,761","49,536","37,189","38,733","36,169","23,591","12,822","4,806","1,180",445
,춘천시,총인구수 (명),"280,707","19,559","16,246","17,122","19,668","10,490","11,167","9,872","5,878","2,883","1,048",263,98
,,남자인구수 (명),"138,251","10,201","8,459","8,775","9,738","4,813","4,995","4,097","2,103",836,299,75,41
,,여자인구수 (명),"142,456","9,358","7,787","8,347","9,930","5,677","6,172","5,775","3,775","2,047",749,188,57
,원주시,총인구수 (명),"337,979","23,504","19,043","21,263","25,109","11,207","10,876","9,926","6,081","2,850",994,226,86
,,남자인구수 (명),"167,854","12,540","9,947","10,890","12,378","5,294","4,815","4,055","2,113",762,283,40,22
,,여자인구수 (명),"170,125","10,964","9,096","10,373","12,731","5,913","6,061","5,871","3,968","2,088",711,186,64
,강릉시,총인구수 (명),"213,846","14,536","10,268","10,765","13,815","10,657","10,041","8,314","4,926","2,459",975,230,77
,,남자인구수 (명),"106,231","8,004","5,685","5,603","6,994","5,027","4,571","3,486","1,775",635,204,49,20
,,여자인구수 (명),"107,615","6,532","4,583","5,162","6,821","5,630","5,470","4,828","3,151","1,824",771,181,57
,동해시,총인구수 (명),"93,297","5,677","4,033","4,964","6,590","4,495","4,111","3,288","1,931",904,302,66,27
,,남자인구수 (명),"47,166","3,280","2,226","2,690","3,315","2,165","1,859","1,394",675,221,57,13,8
,,여자인구수 (명),"46,131","2,397","1,807","2,274","3,275","2,330","2,252","1,894","1,256",683,245,53,19
,태백시,총인구수 (명),"47,070","2,666","1,845","2,204","3,261","2,948","2,529","2,048","1,089",403,159,44,46
,,남자인구수 (명),"23,899","1,478","1,010","1,174","1,671","1,374","1,152",881,405,98,35,15,18
,,여자인구수 (명),"23,171","1,188",835,"1,030","1,590","1,574","1,377","1,167",684,305,124,29,28
,속초시,총인구수 (명),"81,793","5,040","3,922","4,367","5,379","3,612","3,450","2,731","1,637",902,336,58,26
,,남자인구수 (명),"40,288","2,800","2,180","2,301","2,675","1,649","1,491","1,121",552,198,95,23,10
,,여자인구수 (명),"41,505","2,240","1,742","2,066","2,704","1,963","1,959","1,610","1,085",704,241,35,16
,삼척시,총인구수 (명),"69,599","5,718","2,978","3,128","3,999","3,949","3,720","3,300","2,163","1,018",361,60,39
,,남자인구수 (명),"35,253","3,073","1,765","1,731","2,139","1,913","1,620","1,275",732,260,71,10,11
,,여자인구수 (명),"34,346","2,645","1,213","1,397","1,860","2,036","2,100","2,025","1,431",758,290,50,28
,홍천군,총인구수 (명),"70,076","3,740","3,316","3,334","3,768","3,705","3,765","3,717","2,250",999,370,86,41
,,남자인구수 (명),"35,738","2,122","1,934","1,857","1,987","1,869","1,746","1,635",775,276,116,21,12
,,여자인구수 (명),"34,338","1,618","1,382","1,477","1,781","1,836","2,019","2,082","1,475",723,254,65,29
,횡성군,총인구수 (명),"45,991","2,438","1,822","1,926","2,115","2,819","2,805","2,790","1,669",841,303,77,19
,,남자인구수 (명),"23,398","1,327","1,001","1,035","1,149","1,454","1,320","1,252",576,239,80,14,6
,,여자인구수 (명),"22,593","1,111",821,891,966,"1,365","1,485","1,538","1,093",602,223,63,13
,영월군,총인구수 (명),"40,073","2,179","1,535","1,590","1,855","2,645","2,579","2,413","1,364",608,206,57,43
,,남자인구수 (명),"20,652","1,243",888,904,990,"1,287","1,163","1,024",475,169,66,16,15
,,여자인구수 (명),"19,421",936,647,686,865,"1,358","1,416","1,389",889,439,140,41,28
,평창군,총인구수 (명),"43,318","2,117","1,723","1,820","2,302","2,583","2,533","2,477","1,308",569,261,78,28
,,남자인구수 (명),"22,126","1,207",962,998,"1,210","1,260","1,172","1,071",458,146,82,26,8
,,여자인구수 (명),"21,192",910,761,822,"1,092","1,323","1,361","1,406",850,423,179,52,20
,정선군,총인구수 (명),"38,718","1,731","1,601","1,822","2,281","2,488","2,484","2,069","1,159",499,226,47,36
,,남자인구수 (명),"19,975",969,866,"1,007","1,296","1,183","1,174",875,389,120,59,16,15
,,여자인구수 (명),"18,743",762,735,815,985,"1,305","1,310","1,194",770,379,167,31,21
,철원군,총인구수 (명),"48,013","3,817","3,318","2,619","2,878","2,322","2,630","2,217","1,078",579,190,63,33
,,남자인구수 (명),"25,429","2,692","2,245","1,497","1,484","1,080","1,183",924,376,162,54,17,8
,,여자인구수 (명),"22,584","1,125","1,073","1,122","1,394","1,242","1,447","1,293",702,417,136,46,25
,화천군,총인구수 (명),"26,264","2,556","2,343","1,691","1,450","1,066","1,316","1,291",637,332,117,33,14
,,남자인구수 (명),"14,554","1,914","1,683",989,811,484,621,506,228,97,43,6,6
,,여자인구수 (명),"11,710",642,660,702,639,582,695,785,409,235,74,27,8
,양구군,총인구수 (명),"24,010","2,155","1,865","1,466","1,363",947,"1,154","1,000",574,294,100,28,11
,,남자인구수 (명),"12,918","1,573","1,254",810,731,418,521,394,196,79,29,10,3
,,여자인구수 (명),"11,092",582,611,656,632,529,633,606,378,215,71,18,8
,인제군,총인구수 (명),"32,720","2,280","2,289","2,161","2,231","1,347","1,516","1,397",760,375,154,45,8
,,남자인구수 (명),"17,677","1,524","1,545","1,240","1,203",659,735,600,251,98,50,17,3
,,여자인구수 (명),"15,043",756,744,921,"1,028",688,781,797,509,277,104,28,5
,고성군,총인구수 (명),"30,114","2,602","1,867","1,268","1,286","1,761","1,962","1,714",910,517,220,57,10
,,남자인구수 (명),"15,899","1,781","1,271",744,698,838,848,704,315,124,59,10,2
,,여자인구수 (명),"14,215",821,596,524,588,923,"1,114","1,010",595,393,161,47,8
,양양군,총인구수 (명),"27,218","1,357","1,183","1,131","1,416","1,794","1,982","1,598",902,440,205,46,14
,,남자인구수 (명),"13,838",827,693,635,761,879,901,699,331,130,39,6,3
,,여자인구수 (명),"13,380",530,490,496,655,915,"1,081",899,571,310,166,40,11
충청북도,소계,총인구수 (명),"1,591,625","107,711","90,423","100,107","112,483","67,836","60,318","53,799","36,293","15,595","5,161","1,217",471
,,남자인구수 (명),"803,240","59,054","49,346","52,681","58,358","33,096","26,962","21,907","12,507","4,100","1,251",236,125
,,여자인구수 (명),"788,385","48,657","41,077","47,426","54,125","34,740","33,356","31,892","23,786","11,495","3,910",981,346
,청주시,총인구수 (명),"835,197","61,910","54,957","60,815","66,355","28,194","23,144","19,105","12,887","5,707","1,898",456,162
,,남자인구수 (명),"419,323","33,439","29,540","31,378","33,961","13,603","10,339","7,636","4,367","1,409",407,77,44
,,여자인구수 (명),"415,874","28,471","25,417","29,437","32,394","14,591","12,805","11,469","8,520","4,298","1,491",379,118
,상당구,총인구수 (명),"173,701","12,978","9,622","9,874","11,956","6,916","5,958","5,087","3,416","1,536",495,121,47
,,남자인구수 (명),"86,804","7,133","5,129","5,101","5,996","3,342","2,624","2,047","1,162",411,108,23,10
,,여자인구수 (명),"86,897","5,845","4,493","4,773","5,960","3,574","3,334","3,040","2,254","1,125",387,98,37
,서원구,총인구수 (명),"217,120","16,868","13,699","14,274","16,137","7,570","6,072","4,998","3,350","1,487",550,120,40
,,남자인구수 (명),"107,866","9,212","7,301","7,224","8,073","3,587","2,728","2,015","1,143",336,110,19,12
,,여자인구수 (명),"109,254","7,656","6,398","7,050","8,064","3,983","3,344","2,983","2,207","1,151",440,101,28
,흥덕구,총인구수 (명),"253,563","19,702","18,714","19,612","20,580","7,635","5,896","4,668","3,215","1,417",479,114,35
,,남자인구수 (명),"127,647","10,421","9,993","10,053","10,466","3,743","2,657","1,824","1,093",332,109,23,7
,,여자인구수 (명),"125,916","9,281","8,721","9,559","10,114","3,892","3,239","2,844","2,122","1,085",370,91,28
,청원구,총인구수 (명),"190,813","12,362","12,922","17,055","17,682","6,073","5,218","4,352","2,906","1,267",374,101,40
,,남자인구수 (명),"97,006","6,673","7,117","9,000","9,426","2,931","2,330","1,750",969,330,80,12,15
,,여자인구수 (명),"93,807","5,689","5,805","8,055","8,256","3,142","2,888","2,602","1,937",937,294,89,25
,충주시,총인구수 (명),"208,350","13,631","10,814","11,541","13,371","9,287","8,894","8,229","5,319","2,113",719,166,63
,,남자인구수 (명),"104,877","7,587","6,032","6,118","6,863","4,418","3,999","3,368","1,803",563,212,31,13
,,여자인구수 (명),"103,473","6,044","4,782","5,423","6,508","4,869","4,895","4,861","3,516","1,550",507,135,50
,제천시,총인구수 (명),"136,517","9,448","6,428","6,903","8,063","6,793","6,354","5,570","3,325","1,411",482,135,61
,,남자인구수 (명),"68,444","5,258","3,466","3,656","4,183","3,278","2,902","2,296","1,214",385,105,27,20
,,여자인구수 (명),"68,073","4,190","2,962","3,247","3,880","3,515","3,452","3,274","2,111","1,026",377,108,41
,보은군,총인구수 (명),"34,221","1,643","1,223","1,318","1,411","2,424","2,295","2,475","1,825",835,274,39,20
,,남자인구수 (명),"17,093",917,665,728,787,"1,217",994,978,647,240,82,5,2
,,여자인구수 (명),"17,128",726,558,590,624,"1,207","1,301","1,497","1,178",595,192,34,18
,옥천군,총인구수 (명),"52,267","2,833","1,978","2,213","2,794","3,559","3,157","2,876","2,287",963,311,80,22
,,남자인구수 (명),"26,251","1,579","1,091","1,177","1,526","1,817","1,396","1,171",796,263,74,12,4
,,여자인구수 (명),"26,016","1,254",887,"1,036","1,268","1,742","1,761","1,705","1,491",700,237,68,18
,영동군,총인구수 (명),"50,552","3,214","2,074","1,977","2,321","3,438","3,373","3,238","2,280",991,330,68,32
,,남자인구수 (명),"25,248","1,857","1,203","1,088","1,221","1,633","1,428","1,301",810,280,90,16,6
,,여자인구수 (명),"25,304","1,357",871,889,"1,100","1,805","1,945","1,937","1,470",711,240,52,26
,증평군,총인구수 (명),"37,308","2,350","2,111","2,686","2,938","1,446","1,398","1,194",816,330,105,28,6
,,남자인구수 (명),"19,110","1,282","1,194","1,509","1,546",723,614,495,251,93,20,9,1
,,여자인구수 (명),"18,198","1,068",917,"1,177","1,392",723,784,699,565,237,85,19,5
,진천군,총인구수 (명),"69,950","3,994","3,313","4,370","5,336","3,005","2,702","2,650","1,879",760,242,50,18
,,남자인구수 (명),"36,387","2,223","1,917","2,410","2,841","1,523","1,212","1,110",638,188,42,13,5
,,여자인구수 (명),"33,563","1,771","1,396","1,960","2,495","1,482","1,490","1,540","1,241",572,200,37,13
,괴산군,총인구수 (명),"38,973","1,797","1,476","1,422","1,637","2,983","2,793","2,798","1,858",809,264,62,25
,,남자인구수 (명),"19,773","1,032",842,821,911,"1,539","1,229","1,179",648,215,62,13,5
,,여자인구수 (명),"19,200",765,634,601,726,"1,444","1,564","1,619","1,210",594,202,49,20
,음성군,총인구수 (명),"97,787","5,421","4,920","5,699","6,823","4,552","4,236","3,789","2,643","1,178",378,86,44
,,남자인구수 (명),"51,372","3,047","2,748","3,164","3,725","2,310","2,013","1,580",913,329,112,26,18
,,여자인구수 (명),"46,415","2,374","2,172","2,535","3,098","2,242","2,223","2,209","1,730",849,266,60,26
,단양군,총인구수 (명),"30,503","1,470","1,129","1,163","1,434","2,155","1,972","1,875","1,174",498,158,47,18
,,남자인구수 (명),"15,362",833,648,632,794,"1,035",836,793,420,135,45,7,7
,,여자인구수 (명),"15,141",637,481,531,640,"1,120","1,136","1,082",754,363,113,40,11
충청남도,소계,총인구수 (명),"2,096,727","129,557","116,741","137,091","157,444","99,447","81,949","76,860","56,611","24,475","8,123","1,905",738
,,남자인구수 (명),"1,064,765","69,695","63,325","73,471","84,060","48,507","36,798","31,047","20,592","7,165","1,942",396,159
,,여자인구수 (명),"1,031,962","59,862","53,416","63,620","73,384","50,940","45,151","45,813","36,019","17,310","6,181","1,509",579
,천안시,총인구수 (명),"617,955","46,334","43,424","50,824","54,152","18,017","13,804","11,827","8,026","3,621","1,261",301,144
,,남자인구수 (명),"314,122","23,648","22,403","26,796","28,699","8,760","6,206","4,788","2,817","1,018",313,71,35
,,여자인구수 (명),"303,833","22,686","21,021","24,028","25,453","9,257","7,598","7,039","5,209","2,603",948,230,109
,동남구,총인구수 (명),"258,919","18,640","15,864","17,579","21,162","9,478","7,225","6,231","4,349","1,978",691,166,69
,,남자인구수 (명),"131,135","9,740","8,284","9,105","10,894","4,691","3,283","2,552","1,545",559,174,38,16
,,여자인구수 (명),"127,784","8,900","7,580","8,474","10,268","4,787","3,942","3,679","2,804","1,419",517,128,53
,서북구,총인구수 (명),"359,036","27,694","27,560","33,245","32,990","8,539","6,579","5,596","3,677","1,643",570,135,75
,,남자인구수 (명),"182,987","13,908","14,119","17,691","17,805","4,069","2,923","2,236","1,272",459,139,33,19
,,여자인구수 (명),"176,049","13,786","13,441","15,554","15,185","4,470","3,656","3,360","2,405","1,184",431,102,56
,공주시,총인구수 (명),"109,931","7,250","5,508","5,290","6,147","6,586","5,598","5,428","4,005","1,848",555,157,36
,,남자인구수 (명),"55,221","3,970","3,123","2,900","3,235","3,338","2,466","2,213","1,475",557,140,36,10
,,여자인구수 (명),"54,710","3,280","2,385","2,390","2,912","3,248","3,132","3,215","2,530","1,291",415,121,26
,보령시,총인구수 (명),"103,873","5,763","4,644","5,180","6,317","6,815","5,405","5,009","3,511","1,552",505,127,44
,,남자인구수 (명),"52,521","3,363","2,627","2,867","3,457","3,251","2,427","2,047","1,273",437,114,20,10
,,여자인구수 (명),"51,352","2,400","2,017","2,313","2,860","3,564","2,978","2,962","2,238","1,115",391,107,34
,아산시,총인구수 (명),"302,929","17,447","18,017","24,795","29,680","10,292","8,551","7,606","5,383","2,229",711,210,85
,,남자인구수 (명),"155,692","9,253","9,333","12,946","16,111","4,902","3,742","3,126","1,939",632,173,41,26
,,여자인구수 (명),"147,237","8,194","8,684","11,849","13,569","5,390","4,809","4,480","3,444","1,597",538,169,59
,서산시,총인구수 (명),"170,788","9,937","9,205","10,739","13,015","8,032","6,618","5,887","4,624","1,918",742,151,58
,,남자인구수 (명),"87,770","5,633","5,402","5,859","6,806","3,973","3,086","2,435","1,650",506,159,29,2
,,여자인구수 (명),"83,018","4,304","3,803","4,880","6,209","4,059","3,532","3,452","2,974","1,412",583,122,56
,논산시,총인구수 (명),"123,213","7,318","5,809","5,926","6,958","7,607","6,378","6,369","4,707","2,105",666,153,72
,,남자인구수 (명),"61,724","3,998","3,306","3,173","3,634","3,693","2,806","2,484","1,714",648,190,42,16
,,여자인구수 (명),"61,489","3,320","2,503","2,753","3,324","3,914","3,572","3,885","2,993","1,457",476,111,56
,계룡시,총인구수 (명),"42,634","2,916","1,834","2,207","3,360","1,176",866,781,611,277,105,24,7
,,남자인구수 (명),"21,148","1,577","1,020","1,073","1,576",586,379,281,191,72,22,6,0
,,여자인구수 (명),"21,486","1,339",814,"1,134","1,784",590,487,500,420,205,83,18,7
,당진시,총인구수 (명),"166,630","8,639","9,469","12,309","13,909","7,891","6,281","6,082","4,460","1,874",626,176,55
,,남자인구수 (명),"87,388","4,811","5,558","6,972","7,629","3,904","2,930","2,523","1,644",566,155,31,12
,,여자인구수 (명),"79,242","3,828","3,911","5,337","6,280","3,987","3,351","3,559","2,816","1,308",471,145,43
,금산군,총인구수 (명),"54,612","2,648","2,171","2,225","2,858","3,839","3,477","3,397","2,494",987,324,60,28
,,남자인구수 (명),"27,558","1,486","1,214","1,216","1,532","1,896","1,551","1,304",883,281,78,11,8
,,여자인구수 (명),"27,054","1,162",957,"1,009","1,326","1,943","1,926","2,093","1,611",706,246,49,20
,부여군,총인구수 (명),"70,187","3,807","2,703","2,618","3,042","5,273","4,628","4,766","3,668","1,697",582,111,47
,,남자인구수 (명),"34,837","2,184","1,513","1,435","1,690","2,538","2,099","1,911","1,349",527,128,16,7
,,여자인구수 (명),"35,350","1,623","1,190","1,183","1,352","2,735","2,529","2,855","2,319","1,170",454,95,40
,서천군,총인구수 (명),"56,012","2,720","2,041","2,045","2,555","4,626","3,963","3,947","3,030","1,437",447,97,37
,,남자인구수 (명),"27,539","1,539","1,137","1,151","1,392","2,252","1,720","1,556","1,156",417,95,20,5
,,여자인구수 (명),"28,473","1,181",904,894,"1,163","2,374","2,243","2,391","1,874","1,020",352,77,32
,청양군,총인구수 (명),"32,753","1,675","1,304","1,259","1,379","2,480","2,220","2,460","2,032",834,243,40,20
,,남자인구수 (명),"16,389",948,758,723,778,"1,238",980,969,781,245,75,11,1
,,여자인구수 (명),"16,364",727,546,536,601,"1,242","1,240","1,491","1,251",589,168,29,19
,홍성군,총인구수 (명),"99,971","5,491","4,666","5,404","6,558","5,840","4,857","4,698","3,700","1,530",542,102,46
,,남자인구수 (명),"49,769","2,987","2,528","2,819","3,357","2,819","2,163","1,864","1,379",502,124,23,15
,,여자인구수 (명),"50,202","2,504","2,138","2,585","3,201","3,021","2,694","2,834","2,321","1,028",418,79,31
,예산군,총인구수 (명),"81,339","4,411","3,392","3,352","3,960","5,928","5,045","5,078","3,811","1,539",448,122,35
,,남자인구수 (명),"40,827","2,444","1,956","1,878","2,172","2,859","2,240","2,092","1,437",468,106,23,5
,,여자인구수 (명),"40,512","1,967","1,436","1,474","1,788","3,069","2,805","2,986","2,374","1,071",342,99,30
,태안군,총인구수 (명),"63,900","3,201","2,554","2,918","3,554","5,045","4,258","3,525","2,549","1,027",366,74,24
,,남자인구수 (명),"32,260","1,854","1,447","1,663","1,992","2,498","2,003","1,454",904,289,70,16,7
,,여자인구수 (명),"31,640","1,347","1,107","1,255","1,562","2,547","2,255","2,071","1,645",738,296,58,17
전라북도,소계,총인구수 (명),"1,864,791","124,667","94,669","102,681","122,970","99,944","82,388","73,568","51,298","24,021","7,470","1,817",697
,,남자인구수 (명),"927,505","66,827","50,509","53,252","63,359","47,933","36,068","29,015","17,516","6,542","1,700",318,141
,,여자인구수 (명),"937,286","57,840","44,160","49,429","59,611","52,011","46,320","44,553","33,782","17,479","5,770","1,499",556
,전주시,총인구수 (명),"651,744","50,245","38,911","40,893","47,599","27,596","20,504","16,165","10,451","4,836","1,492",383,128
,,남자인구수 (명),"321,048","26,442","20,223","20,548","23,564","13,041","9,300","6,726","3,700","1,369",312,48,26
,,여자인구수 (명),"330,696","23,803","18,688","20,345","24,035","14,555","11,204","9,439","6,751","3,467","1,180",335,102
,완산구,총인구수 (명),"361,845","28,422","21,618","22,309","25,423","15,447","11,217","8,845","5,846","2,819",851,238,61
,,남자인구수 (명),"176,778","14,856","11,183","11,196","12,509","7,318","5,056","3,629","1,991",769,169,34,14
,,여자인구수 (명),"185,067","13,566","10,435","11,113","12,914","8,129","6,161","5,216","3,855","2,050",682,204,47
,덕진구,총인구수 (명),"289,899","21,823","17,293","18,584","22,176","12,149","9,287","7,320","4,605","2,017",641,145,67
,,남자인구수 (명),"144,270","11,586","9,040","9,352","11,055","5,723","4,244","3,097","1,709",600,143,14,12
,,여자인구수 (명),"145,629","10,237","8,253","9,232","11,121","6,426","5,043","4,223","2,896","1,417",498,131,55
,군산시,총인구수 (명),"277,551","17,181","13,706","17,312","21,318","14,178","10,899","8,332","5,535","2,723",831,215,97
,,남자인구수 (명),"140,793","9,275","7,454","9,170","11,289","6,869","4,970","3,401","1,927",669,179,48,30
,,여자인구수 (명),"136,758","7,906","6,252","8,142","10,029","7,309","5,929","4,931","3,608","2,054",652,167,67
,익산시,총인구수 (명),"300,479","22,316","16,268","16,653","19,731","14,915","11,683","10,019","7,078","3,425","1,101",212,98
,,남자인구수 (명),"149,740","11,989","8,782","8,783","10,134","7,244","5,190","3,866","2,439",898,258,39,18
,,여자인구수 (명),"150,739","10,327","7,486","7,870","9,597","7,671","6,493","6,153","4,639","2,527",843,173,80
,정읍시,총인구수 (명),"115,173","6,973","4,743","4,908","6,373","7,350","6,720","6,349","4,770","2,162",599,196,82
,,남자인구수 (명),"57,008","3,790","2,633","2,643","3,317","3,533","2,817","2,474","1,592",571,136,32,16
,,여자인구수 (명),"58,165","3,183","2,110","2,265","3,056","3,817","3,903","3,875","3,178","1,591",463,164,66
,남원시,총인구수 (명),"84,188","4,845","3,310","3,461","4,394","5,455","4,739","4,755","3,463","1,608",531,131,29
,,남자인구수 (명),"41,341","2,680","1,764","1,822","2,193","2,560","1,931","1,862","1,164",477,135,21,6
,,여자인구수 (명),"42,847","2,165","1,546","1,639","2,201","2,895","2,808","2,893","2,299","1,131",396,110,23
,김제시,총인구수 (명),"87,782","4,707","3,503","3,762","4,519","6,454","5,655","5,584","4,268","2,050",630,142,67
,,남자인구수 (명),"43,527","2,539","1,911","2,054","2,494","3,073","2,462","2,150","1,365",579,154,31,8
,,여자인구수 (명),"44,255","2,168","1,592","1,708","2,025","3,381","3,193","3,434","2,903","1,471",476,111,59
,완주군,총인구수 (명),"95,480","5,377","4,387","5,730","6,986","5,337","4,474","4,132","2,927","1,377",437,99,30
,,남자인구수 (명),"48,950","2,889","2,328","2,942","3,761","2,695","1,987","1,623","1,016",379,85,22,6
,,여자인구수 (명),"46,530","2,488","2,059","2,788","3,225","2,642","2,487","2,509","1,911",998,352,77,24
,진안군,총인구수 (명),"26,069","1,196",896,977,"1,169","1,999","1,881","1,897","1,466",606,215,44,25
,,남자인구수 (명),"13,037",647,489,478,626,977,851,733,502,163,56,11,9
,,여자인구수 (명),"13,032",549,407,499,543,"1,022","1,030","1,164",964,443,159,33,16
,무주군,총인구수 (명),"24,949","1,179",900,907,"1,231","1,724","1,752","1,895","1,301",592,206,45,12
,,남자인구수 (명),"12,371",648,519,492,652,797,701,769,449,161,57,5,4
,,여자인구수 (명),"12,578",531,381,415,579,927,"1,051","1,126",852,431,149,40,8
,장수군,총인구수 (명),"23,628","1,152",889,925,"1,211","1,751","1,518","1,722","1,217",528,176,46,16
,,남자인구수 (명),"11,681",648,467,489,671,872,635,636,409,159,42,7,4
,,여자인구수 (명),"11,947",504,422,436,540,879,883,"1,086",808,369,134,39,12
,임실군,총인구수 (명),"30,197","1,585","1,337","1,233","1,403","2,278","2,136","2,357","1,655",825,233,51,17
,,남자인구수 (명),"15,387",914,779,676,835,"1,090",896,896,584,251,56,9,4
,,여자인구수 (명),"14,810",671,558,557,568,"1,188","1,240","1,461","1,071",574,177,42,13
,순창군,총인구수 (명),"29,949","1,445","1,095","1,202","1,516","2,094","2,160","2,350","1,547",703,252,65,22
,,남자인구수 (명),"14,427",777,537,585,782,966,823,873,541,212,63,15,1
,,여자인구수 (명),"15,522",668,558,617,734,"1,128","1,337","1,477","1,006",491,189,50,21
,고창군,총인구수 (명),"60,597","3,406","2,451","2,401","2,759","4,448","4,307","4,305","2,885","1,349",423,101,39
,,남자인구수 (명),"29,927","1,888","1,338","1,345","1,520","2,146","1,823","1,596",940,347,86,13,3
,,여자인구수 (명),"30,670","1,518","1,113","1,056","1,239","2,302","2,484","2,709","1,945","1,002",337,88,36
,부안군,총인구수 (명),"57,005","3,060","2,273","2,317","2,761","4,365","3,960","3,706","2,735","1,237",344,87,35
,,남자인구수 (명),"28,268","1,701","1,285","1,225","1,521","2,070","1,682","1,410",888,307,81,17,6
,,여자인구수 (명),"28,737","1,359",988,"1,092","1,240","2,295","2,278","2,296","1,847",930,263,70,29
전라남도,소계,총인구수 (명),"1,903,914","118,380","88,043","100,521","118,971","109,451","96,220","93,770","58,952","28,418","9,211","2,135",759
,,남자인구수 (명),"951,889","64,507","47,355","52,819","62,615","53,151","41,495","35,701","18,897","7,217","1,857",332,97
,,여자인구수 (명),"952,025","53,873","40,688","47,702","56,356","56,300","54,725","58,069","40,055","21,201","7,354","1,803",662
,목포시,총인구수 (명),"237,739","16,225","11,815","15,032","18,756","10,921","8,746","6,673","3,631","1,716",566,114,78
,,남자인구수 (명),"118,474","8,644","6,142","7,813","9,686","5,155","3,899","2,631","1,152",441,123,27,11
,,여자인구수 (명),"119,265","7,581","5,673","7,219","9,070","5,766","4,847","4,042","2,479","1,275",443,87,67
,여수시,총인구수 (명),"288,988","19,807","15,127","16,859","19,651","15,753","11,548","9,453","5,627","2,956",970,225,100
,,남자인구수 (명),"146,565","10,923","8,406","9,044","10,284","7,864","5,236","3,831","1,879",702,161,33,14
,,여자인구수 (명),"142,423","8,884","6,721","7,815","9,367","7,889","6,312","5,622","3,748","2,254",809,192,86
,순천시,총인구수 (명),"278,548","21,633","14,768","15,973","18,854","11,721","8,839","8,149","5,435","2,665",895,211,46
,,남자인구수 (명),"138,959","11,720","7,894","8,158","9,355","5,766","3,904","3,205","1,769",712,183,24,7
,,여자인구수 (명),"139,589","9,913","6,874","7,815","9,499","5,955","4,935","4,944","3,666","1,953",712,187,39
,나주시,총인구수 (명),"104,376","5,684","5,360","6,488","7,437","6,047","5,810","5,599","3,529","1,760",538,148,58
,,남자인구수 (명),"52,528","2,948","2,774","3,368","4,003","2,959","2,436","2,046","1,123",430,132,33,8
,,여자인구수 (명),"51,848","2,736","2,586","3,120","3,434","3,088","3,374","3,553","2,406","1,330",406,115,50
,광양시,총인구수 (명),"155,580","12,024","8,519","9,988","11,446","5,361","3,657","3,645","2,525","1,293",429,86,30
,,남자인구수 (명),"80,012","6,740","4,782","5,223","5,925","2,748","1,570","1,387",816,304,70,15,4
,,여자인구수 (명),"75,568","5,284","3,737","4,765","5,521","2,613","2,087","2,258","1,709",989,359,71,26
,담양군,총인구수 (명),"47,229","2,608","2,220","2,173","2,209","3,397","3,126","3,257","2,057","1,003",362,105,22
,,남자인구수 (명),"23,723","1,434","1,146","1,121","1,216","1,663","1,335","1,275",670,290,78,18,4
,,여자인구수 (명),"23,506","1,174","1,074","1,052",993,"1,734","1,791","1,982","1,387",713,284,87,18
,곡성군,총인구수 (명),"30,400","1,659","1,108","1,056","1,258","2,215","2,191","2,493","1,816",829,296,59,13
,,남자인구수 (명),"14,786",890,607,578,685,"1,055",900,926,590,207,64,8,1
,,여자인구수 (명),"15,614",769,501,478,573,"1,160","1,291","1,567","1,226",622,232,51,12
,구례군,총인구수 (명),"27,412","1,434",939,"1,035","1,294","1,951","2,014","2,128","1,297",626,185,34,15
,,남자인구수 (명),"13,342",773,501,562,709,912,816,793,445,166,40,7,3
,,여자인구수 (명),"14,070",661,438,473,585,"1,039","1,198","1,335",852,460,145,27,12
,고흥군,총인구수 (명),"67,656","2,952","2,028","2,060","2,542","6,255","5,705","6,083","4,284","2,110",720,174,33
,,남자인구수 (명),"32,556","1,605","1,087","1,112","1,391","2,996","2,462","2,273","1,418",601,140,21,3
,,여자인구수 (명),"35,100","1,347",941,948,"1,151","3,259","3,243","3,810","2,866","1,509",580,153,30
,보성군,총인구수 (명),"44,469","2,079","1,500","1,688","1,923","3,576","3,369","3,875","2,606","1,297",403,95,48
,,남자인구수 (명),"21,503","1,186",788,880,"1,063","1,692","1,379","1,442",847,356,91,24,6
,,여자인구수 (명),"22,966",893,712,808,860,"1,884","1,990","2,433","1,759",941,312,71,42
,화순군,총인구수 (명),"65,303","4,046","2,800","2,712","3,486","3,784","3,756","3,914","2,459","1,143",357,78,25
,,남자인구수 (명),"32,113","2,089","1,451","1,428","1,734","1,795","1,501","1,405",753,339,85,13,3
,,여자인구수 (명),"33,190","1,957","1,349","1,284","1,752","1,989","2,255","2,509","1,706",804,272,65,22
,장흥군,총인구수 (명),"40,669","2,152","1,506","1,525","1,811","2,970","2,784","3,118","2,217","1,088",328,79,26
,,남자인구수 (명),"19,670","1,184",802,815,"1,021","1,399","1,177","1,177",700,279,69,14,1
,,여자인구수 (명),"20,999",968,704,710,790,"1,571","1,607","1,941","1,517",809,259,65,25
,강진군,총인구수 (명),"37,753","1,902","1,480","1,547","1,701","2,793","2,700","2,961","1,869",973,271,61,27
,,남자인구수 (명),"18,127","1,041",783,771,873,"1,311","1,136","1,107",587,213,62,12,3
,,여자인구수 (명),"19,626",861,697,776,828,"1,482","1,564","1,854","1,282",760,209,49,24
,해남군,총인구수 (명),"75,121","3,693","2,750","3,219","3,684","5,468","5,257","5,311","3,256","1,595",508,119,35
,,남자인구수 (명),"36,538","2,023","1,420","1,571","1,884","2,647","2,235","2,039",992,365,100,16,2
,,여자인구수 (명),"38,583","1,670","1,330","1,648","1,800","2,821","3,022","3,272","2,264","1,230",408,103,33
,영암군,총인구수 (명),"57,045","3,012","2,266","3,084","3,566","3,303","3,309","3,391","2,210",974,288,66,33
,,남자인구수 (명),"29,253","1,703","1,216","1,684","2,107","1,563","1,389","1,251",725,237,57,9,9
,,여자인구수 (명),"27,792","1,309","1,050","1,400","1,459","1,740","1,920","2,140","1,485",737,231,57,24
,무안군,총인구수 (명),"82,109","4,441","3,257","4,723","6,131","4,519","4,060","3,790","2,270","1,083",346,78,29
,,남자인구수 (명),"41,153","2,386","1,693","2,448","3,145","2,210","1,785","1,412",699,244,61,9,3
,,여자인구수 (명),"40,956","2,055","1,564","2,275","2,986","2,309","2,275","2,378","1,571",839,285,69,26
,함평군,총인구수 (명),"34,397","1,714","1,258","1,275","1,453","2,566","2,700","2,988","1,811",862,290,70,15
,,남자인구수 (명),"17,047",956,684,696,835,"1,202","1,103","1,095",557,228,58,11,1
,,여자인구수 (명),"17,350",758,574,579,618,"1,364","1,597","1,893","1,254",634,232,59,14
,영광군,총인구수 (명),"55,618","3,096","2,475","2,503","3,005","3,837","3,782","3,629","2,127",934,346,82,36
,,남자인구수 (명),"27,724","1,665","1,371","1,330","1,636","1,812","1,616","1,362",718,248,51,12,2
,,여자인구수 (명),"27,894","1,431","1,104","1,173","1,369","2,025","2,166","2,267","1,409",686,295,70,34
,장성군,총인구수 (명),"46,104","2,303","2,043","2,134","2,580","3,113","2,995","3,156","2,021",878,284,62,37
,,남자인구수 (명),"23,275","1,241","1,090","1,099","1,428","1,476","1,309","1,215",678,224,69,9,4
,,여자인구수 (명),"22,829","1,062",953,"1,035","1,152","1,637","1,686","1,941","1,343",654,215,53,33
,완도군,총인구수 (명),"52,668","2,372","1,870","2,414","2,829","4,036","3,891","3,947","2,289","1,026",332,76,26
,,남자인구수 (명),"26,285","1,366","1,017","1,320","1,598","1,946","1,740","1,542",740,244,53,9,2
,,여자인구수 (명),"26,383","1,006",853,"1,094","1,231","2,090","2,151","2,405","1,549",782,279,67,24
,진도군,총인구수 (명),"32,078","1,512","1,156","1,260","1,510","2,452","2,513","2,660","1,495",714,209,50,12
,,남자인구수 (명),"15,701",840,635,694,834,"1,195","1,039",965,418,172,43,4,1
,,여자인구수 (명),"16,377",672,521,566,676,"1,257","1,474","1,695","1,077",542,166,46,11
,신안군,총인구수 (명),"42,652","2,032","1,798","1,773","1,845","3,413","3,468","3,550","2,121",893,288,63,15
,,남자인구수 (명),"22,555","1,150","1,066","1,104","1,203","1,785","1,528","1,322",621,215,67,4,5
,,여자인구수 (명),"20,097",882,732,669,642,"1,628","1,940","2,228","1,500",678,221,59,10
경상북도,소계,총인구수 (명),"2,700,398","167,180","141,123","157,308","182,285","145,050","116,069","109,699","74,283","33,119","10,913","2,473",811
,,남자인구수 (명),"1,356,868","92,745","78,786","83,161","95,436","70,772","50,718","42,799","25,049","8,685","2,422",455,171
,,여자인구수 (명),"1,343,530","74,435","62,337","74,147","86,849","74,278","65,351","66,900","49,234","24,434","8,491","2,018",640
,포항시,총인구수 (명),"516,775","33,820","27,676","31,955","37,425","24,686","16,916","13,193","8,047","3,829","1,253",284,88
,,남자인구수 (명),"261,105","19,278","15,528","16,735","19,072","12,501","7,835","5,298","2,569",847,236,49,23
,,여자인구수 (명),"255,670","14,542","12,148","15,220","18,353","12,185","9,081","7,895","5,478","2,982","1,017",235,65
,남구,총인구수 (명),"244,748","15,799","13,571","15,740","17,930","11,824","7,900","5,943","3,534","1,603",533,131,47
,,남자인구수 (명),"125,811","9,038","7,722","8,505","9,303","6,072","3,781","2,400","1,093",351,95,27,11
,,여자인구수 (명),"118,937","6,761","5,849","7,235","8,627","5,752","4,119","3,543","2,441","1,252",438,104,36
,북구,총인구수 (명),"272,027","18,021","14,105","16,215","19,495","12,862","9,016","7,250","4,513","2,226",720,153,41
,,남자인구수 (명),"135,294","10,240","7,806","8,230","9,769","6,429","4,054","2,898","1,476",496,141,22,12
,,여자인구수 (명),"136,733","7,781","6,299","7,985","9,726","6,433","4,962","4,352","3,037","1,730",579,131,29
,경주시,총인구수 (명),"259,452","16,317","13,113","13,058","16,286","14,922","11,760","10,530","7,172","3,135",968,230,72
,,남자인구수 (명),"129,944","9,243","7,450","6,925","8,592","7,122","5,191","3,993","2,286",751,209,45,14
,,여자인구수 (명),"129,508","7,074","5,663","6,133","7,694","7,800","6,569","6,537","4,886","2,384",759,185,58
,김천시,총인구수 (명),"142,256","8,698","7,208","8,017","9,338","8,011","6,418","6,532","4,546","2,152",623,161,45
,,남자인구수 (명),"71,201","4,837","4,006","4,188","4,976","3,842","2,739","2,470","1,569",613,144,23,9
,,여자인구수 (명),"71,055","3,861","3,202","3,829","4,362","4,169","3,679","4,062","2,977","1,539",479,138,36
,안동시,총인구수 (명),"168,798","10,277","7,911","8,699","10,721","9,550","8,434","7,779","5,319","2,466",874,193,57
,,남자인구수 (명),"83,341","5,668","4,366","4,399","5,394","4,683","3,670","3,145","1,886",637,203,34,13
,,여자인구수 (명),"85,457","4,609","3,545","4,300","5,327","4,867","4,764","4,634","3,433","1,829",671,159,44
,구미시,총인구수 (명),"419,891","32,307","29,355","34,574","38,026","10,455","7,423","6,404","4,334","2,038",689,171,40
,,남자인구수 (명),"214,600","17,263","15,811","18,175","19,681","5,138","3,144","2,371","1,383",508,147,29,6
,,여자인구수 (명),"205,291","15,044","13,544","16,399","18,345","5,317","4,279","4,033","2,951","1,530",542,142,34
,영주시,총인구수 (명),"109,247","6,147","4,404","4,781","6,134","6,926","5,811","5,646","3,669","1,720",587,168,50
,,남자인구수 (명),"54,245","3,564","2,543","2,545","3,184","3,389","2,550","2,316","1,297",472,138,30,9
,,여자인구수 (명),"55,002","2,583","1,861","2,236","2,950","3,537","3,261","3,330","2,372","1,248",449,138,41
,영천시,총인구수 (명),"100,521","5,382","4,630","4,868","5,421","7,301","5,988","5,721","3,925","1,571",430,90,37
,,남자인구수 (명),"50,644","3,048","2,668","2,688","2,917","3,602","2,581","2,231","1,343",447,113,18,11
,,여자인구수 (명),"49,877","2,334","1,962","2,180","2,504","3,699","3,407","3,490","2,582","1,124",317,72,26
,상주시,총인구수 (명),"101,799","5,125","4,059","4,181","4,829","7,215","6,123","6,651","4,653","2,121",803,157,46
,,남자인구수 (명),"49,824","2,910","2,298","2,259","2,569","3,490","2,556","2,478","1,561",574,179,31,7
,,여자인구수 (명),"51,975","2,215","1,761","1,922","2,260","3,725","3,567","4,173","3,092","1,547",624,126,39
,문경시,총인구수 (명),"74,702","3,922","2,808","3,327","3,950","5,235","4,530","4,553","2,979","1,338",492,106,52
,,남자인구수 (명),"36,537","2,171","1,560","1,733","2,076","2,475","1,930","1,763",995,356,109,14,14
,,여자인구수 (명),"38,165","1,751","1,248","1,594","1,874","2,760","2,600","2,790","1,984",982,383,92,38
,경산시,총인구수 (명),"258,037","18,388","16,214","17,423","19,874","12,189","8,906","7,641","4,871","1,990",602,120,56
,,남자인구수 (명),"130,060","10,006","9,151","9,132","10,312","5,689","3,992","3,042","1,690",543,126,24,9
,,여자인구수 (명),"127,977","8,382","7,063","8,291","9,562","6,500","4,914","4,599","3,181","1,447",476,96,47
,군위군,총인구수 (명),"24,171","1,017",834,811,916,"2,204","1,976","2,114","1,548",603,175,38,12
,,남자인구수 (명),"12,156",561,496,432,523,"1,102",881,844,562,165,41,10,1
,,여자인구수 (명),"12,015",456,338,379,393,"1,102","1,095","1,270",986,438,134,28,11
,의성군,총인구수 (명),"54,014","2,078","1,831","1,785","2,022","4,871","4,519","4,868","3,526","1,495",486,104,27
,,남자인구수 (명),"26,334","1,168","1,061",988,"1,173","2,310","1,960","1,931","1,240",420,117,21,5
,,여자인구수 (명),"27,680",910,770,797,849,"2,561","2,559","2,937","2,286","1,075",369,83,22
,청송군,총인구수 (명),"26,301","1,162",947,"1,013","1,042","2,249","2,072","2,054","1,368",604,184,57,12
,,남자인구수 (명),"13,008",676,570,574,588,"1,119",883,819,525,193,41,11,4
,,여자인구수 (명),"13,293",486,377,439,454,"1,130","1,189","1,235",843,411,143,46,8
,영양군,총인구수 (명),"17,713",747,589,580,738,"1,385","1,445","1,484",927,441,142,34,20
,,남자인구수 (명),"8,724",415,338,297,412,673,617,596,297,124,42,9,4
,,여자인구수 (명),"8,989",332,251,283,326,712,828,888,630,317,100,25,16
,영덕군,총인구수 (명),"39,052","1,722","1,267","1,424","1,701","3,204","3,128","3,171","2,040",953,313,68,20
,,남자인구수 (명),"18,607",966,732,746,912,"1,487","1,233","1,163",672,227,71,17,6
,,여자인구수 (명),"20,445",756,535,678,789,"1,717","1,895","2,008","1,368",726,242,51,14
,청도군,총인구수 (명),"43,564","1,864","1,537","1,593","1,866","3,990","3,052","3,250","2,498","1,032",357,73,22
,,남자인구수 (명),"21,278","1,065",897,858,"1,003","1,960","1,358","1,246",772,267,84,13,1
,,여자인구수 (명),"22,286",799,640,735,863,"2,030","1,694","2,004","1,726",765,273,60,21
,고령군,총인구수 (명),"34,257","1,647","1,348","1,458","1,788","2,418","1,988","2,116","1,486",648,179,43,11
,,남자인구수 (명),"17,485",935,776,777,964,"1,183",855,803,511,181,43,19,3
,,여자인구수 (명),"16,772",712,572,681,824,"1,235","1,133","1,313",975,467,136,24,8
,성주군,총인구수 (명),"45,205","2,305","1,970","1,999","2,071","3,697","2,701","2,700","2,036",881,305,57,21
,,남자인구수 (명),"23,166","1,353","1,117","1,049","1,166","1,842","1,229","1,113",641,251,64,13,4
,,여자인구수 (명),"22,039",952,853,950,905,"1,855","1,472","1,587","1,395",630,241,44,17
,칠곡군,총인구수 (명),"123,199","7,768","7,988","9,801","10,893","4,449","3,679","3,555","2,348",976,358,71,43
,,남자인구수 (명),"64,002","3,888","4,309","5,450","5,972","2,195","1,550","1,325",819,294,80,12,9
,,여자인구수 (명),"59,197","3,880","3,679","4,351","4,921","2,254","2,129","2,230","1,529",682,278,59,34
,예천군,총인구수 (명),"46,166","1,960","1,625","1,879","2,236","3,684","3,291","3,711","2,729","1,119",391,93,25
,,남자인구수 (명),"22,663","1,112",902,985,"1,207","1,796","1,427","1,507",983,288,96,11,3
,,여자인구수 (명),"23,503",848,723,894,"1,029","1,888","1,864","2,204","1,746",831,295,82,22
,봉화군,총인구수 (명),"33,539","1,362","1,082","1,245","1,433","2,684","2,373","2,597","1,845",821,284,67,35
,,남자인구수 (명),"16,667",774,600,659,818,"1,329","1,021","1,048",667,254,63,8,10
,,여자인구수 (명),"16,872",588,482,586,615,"1,355","1,352","1,549","1,178",567,221,59,25
,울진군,총인구수 (명),"51,738","2,633","2,212","2,329","3,015","3,050","2,979","3,004","2,131","1,053",369,67,12
,,남자인구수 (명),"25,847","1,527","1,296","1,277","1,591","1,501","1,257","1,115",664,233,59,11,2
,,여자인구수 (명),"25,891","1,106",916,"1,052","1,424","1,549","1,722","1,889","1,467",820,310,56,10
,울릉군,총인구수 (명),"10,001",532,515,508,560,675,557,425,286,133,49,21,8
,,남자인구수 (명),"5,430",317,311,290,334,344,259,182,117,40,17,3,4
,,여자인구수 (명),"4,571",215,204,218,226,331,298,243,169,93,32,18,4
경상남도,소계,총인구수 (명),"3,373,871","218,740","178,628","210,208","256,039","150,374","115,340","103,023","67,908","31,329","9,794","1,871",639
,,남자인구수 (명),"1,699,219","121,582","97,353","110,068","132,603","72,692","50,324","39,052","21,428","7,522","1,900",349,105
,,여자인구수 (명),"1,674,652","97,158","81,275","100,140","123,436","77,682","65,016","63,971","46,480","23,807","7,894","1,522",534
,창원시,총인구수 (명),"1,063,907","76,573","65,329","71,441","82,948","42,786","28,972","22,636","13,989","6,325","1,988",359,153
,,남자인구수 (명),"540,073","42,428","35,878","37,958","42,882","21,127","13,286","9,004","4,527","1,499",383,58,31
,,여자인구수 (명),"523,834","34,145","29,451","33,483","40,066","21,659","15,686","13,632","9,462","4,826","1,605",301,122
,의창구,총인구수 (명),"252,435","20,445","16,522","17,084","18,705","9,188","5,904","4,674","3,137","1,390",445,77,31
,,남자인구수 (명),"128,719","11,369","9,037","9,061","9,775","4,765","2,771","1,781",995,300,84,12,4
,,여자인구수 (명),"123,716","9,076","7,485","8,023","8,930","4,423","3,133","2,893","2,142","1,090",361,65,27
,성산구,총인구수 (명),"231,571","19,748","17,077","15,902","16,850","5,311","3,013","2,372","1,696",825,276,35,15
,,남자인구수 (명),"118,468","10,989","9,480","8,533","8,362","2,806","1,383",856,450,171,50,6,4
,,여자인구수 (명),"113,103","8,759","7,597","7,369","8,488","2,505","1,630","1,516","1,246",654,226,29,11
,마산합포구,총인구수 (명),"181,797","11,615","9,802","11,574","13,345","10,537","7,640","6,140","3,695","1,798",548,108,59
,,남자인구수 (명),"90,716","6,290","5,423","6,167","7,156","5,028","3,420","2,460","1,208",471,112,19,14
,,여자인구수 (명),"91,081","5,325","4,379","5,407","6,189","5,509","4,220","3,680","2,487","1,327",436,89,45
,마산회원구,총인구수 (명),"210,791","14,515","12,023","12,940","15,974","10,450","6,918","5,026","2,760","1,136",342,64,31
,,남자인구수 (명),"106,469","8,041","6,508","6,917","8,183","4,976","3,257","2,116",951,251,60,10,5
,,여자인구수 (명),"104,322","6,474","5,515","6,023","7,791","5,474","3,661","2,910","1,809",885,282,54,26
,진해구,총인구수 (명),"187,313","10,250","9,905","13,941","18,074","7,300","5,497","4,424","2,701","1,176",377,75,17
,,남자인구수 (명),"95,701","5,739","5,430","7,280","9,406","3,552","2,455","1,791",923,306,77,11,4
,,여자인구수 (명),"91,612","4,511","4,475","6,661","8,668","3,748","3,042","2,633","1,778",870,300,64,13
,진주시,총인구수 (명),"346,739","24,891","19,314","20,673","24,827","15,667","12,179","10,444","6,651","3,104",991,213,69
,,남자인구수 (명),"171,855","13,800","10,613","10,440","12,409","7,352","5,389","4,021","2,015",697,201,50,14
,,여자인구수 (명),"174,884","11,091","8,701","10,233","12,418","8,315","6,790","6,423","4,636","2,407",790,163,55
,통영시,총인구수 (명),"138,160","7,318","6,086","8,527","11,266","7,113","5,242","4,245","2,642","1,206",360,61,26
,,남자인구수 (명),"69,769","4,047","3,182","4,457","6,033","3,508","2,326","1,610",860,295,55,10,7
,,여자인구수 (명),"68,391","3,271","2,904","4,070","5,233","3,605","2,916","2,635","1,782",911,305,51,19
,사천시,총인구수 (명),"114,912","6,288","5,102","6,503","8,610","6,368","5,167","4,723","3,174","1,442",502,96,30
,,남자인구수 (명),"57,698","3,719","2,975","3,453","4,434","2,984","2,167","1,812",986,310,74,16,4
,,여자인구수 (명),"57,214","2,569","2,127","3,050","4,176","3,384","3,000","2,911","2,188","1,132",428,80,26
,김해시,총인구수 (명),"529,422","37,836","27,772","33,161","44,320","16,624","12,100","9,799","5,905","2,596",734,160,57
,,남자인구수 (명),"267,513","20,568","14,750","16,831","22,091","7,845","5,320","3,642","1,817",612,139,31,13
,,여자인구수 (명),"261,909","17,268","13,022","16,330","22,229","8,779","6,780","6,157","4,088","1,984",595,129,44
,밀양시,총인구수 (명),"108,354","5,963","4,458","5,060","5,890","7,573","6,090","5,674","3,968","1,696",483,92,35
,,남자인구수 (명),"52,992","3,509","2,482","2,668","3,065","3,529","2,633","2,045","1,275",438,95,18,1
,,여자인구수 (명),"55,362","2,454","1,976","2,392","2,825","4,044","3,457","3,629","2,693","1,258",388,74,34
,거제시,총인구수 (명),"257,183","14,340","14,256","22,957","25,936","7,234","4,852","4,005","2,855","1,397",473,84,32
,,남자인구수 (명),"135,738","8,064","7,789","12,492","14,400","3,797","2,177","1,510",855,280,80,15,5
,,여자인구수 (명),"121,445","6,276","6,467","10,465","11,536","3,437","2,675","2,495","2,000","1,117",393,69,27
,양산시,총인구수 (명),"317,037","20,532","17,697","21,854","27,768","12,177","9,113","7,155","4,132","1,793",613,101,47
,,남자인구수 (명),"159,503","11,133","9,271","11,111","14,131","5,838","4,063","2,819","1,491",481,130,19,5
,,여자인구수 (명),"157,534","9,399","8,426","10,743","13,637","6,339","5,050","4,336","2,641","1,312",483,82,42
,의령군,총인구수 (명),"28,111","1,269","1,010",990,"1,238","2,106","2,001","2,353","1,827",873,237,44,9
,,남자인구수 (명),"13,562",700,536,509,693,"1,010",779,842,533,205,60,10,0
,,여자인구수 (명),"14,549",569,474,481,545,"1,096","1,222","1,511","1,294",668,177,34,9
,함안군,총인구수 (명),"68,937","3,715","2,835","3,412","4,520","3,898","3,192","3,266","2,267","1,016",264,55,6
,,남자인구수 (명),"34,819","2,089","1,507","1,755","2,384","1,963","1,348","1,199",688,231,59,11,1
,,여자인구수 (명),"34,118","1,626","1,328","1,657","2,136","1,935","1,844","2,067","1,579",785,205,44,5
,창녕군,총인구수 (명),"63,982","3,279","2,721","2,863","3,309","4,498","3,981","4,202","2,813","1,261",321,54,19
,,남자인구수 (명),"31,735","1,922","1,591","1,548","1,820","2,174","1,639","1,500",876,283,56,12,0
,,여자인구수 (명),"32,247","1,357","1,130","1,315","1,489","2,324","2,342","2,702","1,937",978,265,42,19
,고성군,총인구수 (명),"54,703","2,672","1,989","2,582","3,102","3,828","3,282","3,268","2,459","1,179",363,66,17
,,남자인구수 (명),"27,452","1,538","1,117","1,442","1,762","1,880","1,398","1,222",804,282,63,13,3
,,여자인구수 (명),"27,251","1,134",872,"1,140","1,340","1,948","1,884","2,046","1,655",897,300,53,14
,남해군,총인구수 (명),"45,129","2,130","1,454","1,336","1,727","3,669","3,356","3,644","2,816","1,538",559,91,19
,,남자인구수 (명),"21,566","1,273",827,723,892,"1,753","1,439","1,358",874,361,88,12,0
,,여자인구수 (명),"23,563",857,627,613,835,"1,916","1,917","2,286","1,942","1,177",471,79,19
,하동군,총인구수 (명),"49,622","2,642","2,006","1,808","2,118","3,569","3,239","3,451","2,464","1,285",407,80,19
,,남자인구수 (명),"24,463","1,521","1,152",975,"1,147","1,698","1,356","1,266",765,337,81,18,2
,,여자인구수 (명),"25,159","1,121",854,833,971,"1,871","1,883","2,185","1,699",948,326,62,17
,산청군,총인구수 (명),"36,098","1,591","1,249","1,273","1,448","2,712","2,652","2,870","2,059",953,314,63,15
,,남자인구수 (명),"17,666",907,689,681,823,"1,370","1,085","1,031",642,249,69,10,2
,,여자인구수 (명),"18,432",684,560,592,625,"1,342","1,567","1,839","1,417",704,245,53,13
,함양군,총인구수 (명),"40,241","1,943","1,332","1,453","1,792","2,869","2,712","3,124","2,063","1,050",360,64,32
,,남자인구수 (명),"19,244","1,077",717,765,939,"1,321","1,041","1,197",617,248,96,10,8
,,여자인구수 (명),"20,997",866,615,688,853,"1,548","1,671","1,927","1,446",802,264,54,24
,거창군,총인구수 (명),"63,308","3,701","2,478","2,677","3,277","3,792","3,493","3,815","2,682","1,269",416,98,26
,,남자인구수 (명),"30,746","2,108","1,399","1,379","1,638","1,731","1,394","1,448",865,358,91,22,7
,,여자인구수 (명),"32,562","1,593","1,079","1,298","1,639","2,061","2,099","2,367","1,817",911,325,76,19
,합천군,총인구수 (명),"48,026","2,057","1,540","1,638","1,943","3,891","3,717","4,349","3,142","1,346",409,90,28
,,남자인구수 (명),"22,825","1,179",878,881,"1,060","1,812","1,484","1,526",938,356,80,14,2
,,여자인구수 (명),"25,201",878,662,757,883,"2,079","2,233","2,823","2,204",990,329,76,26
제주특별자치도,소계,총인구수 (명),"641,597","43,143","33,430","38,891","48,018","26,425","22,119","18,575","12,907","5,831","2,346",755,231
,,남자인구수 (명),"322,545","22,977","17,365","19,777","24,432","12,711","10,223","7,552","4,231","1,224",329,82,26
,,여자인구수 (명),"319,052","20,166","16,065","19,114","23,586","13,714","11,896","11,023","8,676","4,607","2,017",673,205
,제주시,총인구수 (명),"470,665","32,638","25,363","29,771","36,412","17,739","14,659","12,119","8,386","3,976","1,613",513,154
,,남자인구수 (명),"235,977","17,377","13,118","15,084","18,350","8,474","6,782","4,941","2,737",854,226,53,17
,,여자인구수 (명),"234,688","15,261","12,245","14,687","18,062","9,265","7,877","7,178","5,649","3,122","1,387",460,137
,서귀포시,총인구수 (명),"170,932","10,505","8,067","9,120","11,606","8,686","7,460","6,456","4,521","1,855",733,242,77
,,남자인구수 (명),"86,568","5,600","4,247","4,693","6,082","4,237","3,441","2,611","1,494",370,103,29,9
,,여자인구수 (명),"84,364","4,905","3,820","4,427","5,524","4,449","4,019","3,845","3,027","1,485",630,213,68